path,filename,categories,subtype,tags,pages,size_bytes,sha256,duplicate_group,duplicate_of,explicit_version,source_document_id,pdf_created,modified_at,metadata_title,metadata_author,text_status,text_chars_first_3_pages,parse_error,sample
(CODBOT-SG02)简易二自由度云台/0-酷点机器人技术支持及售后(1).pdf,0-酷点机器人技术支持及售后(1).pdf,模块,支持信息,CODBOT-SG02,2,861573,A0CBBE0BC6AC04F2CFABB88C8526D2A02065645F1D2487BAB80DEC5AE607FE31,DUP-PDF-001,(CODBOT-SG02)简易二自由度云台/0-酷点机器人技术支持及售后.pdf,未标注,,2023-08-15,2026-07-09T22:56:22+08:00,路演标准化产品汇报,大熊,可检索,162,,武汉酷点机器人科技有限公司 技术支持及售后请添加微信： （微信号CODBOT-M） 酷点公众号请关注： 获取更多产品资料及动态 购买 淘宝店铺网址：https://codbot.taobao.com/ 淘宝店铺名称：酷点机器人 武汉酷点机器人科技有限公司 公司网址：http://ai-codbot.com/ 编码器电机应用
(CODBOT-SG02)简易二自由度云台/0-酷点机器人技术支持及售后.pdf,0-酷点机器人技术支持及售后.pdf,模块,支持信息,CODBOT-SG02,2,861573,A0CBBE0BC6AC04F2CFABB88C8526D2A02065645F1D2487BAB80DEC5AE607FE31,DUP-PDF-001,,未标注,,2023-08-15,2026-07-09T22:53:09+08:00,路演标准化产品汇报,大熊,可检索,162,,武汉酷点机器人科技有限公司 技术支持及售后请添加微信： （微信号CODBOT-M） 酷点公众号请关注： 获取更多产品资料及动态 购买 淘宝店铺网址：https://codbot.taobao.com/ 淘宝店铺名称：酷点机器人 武汉酷点机器人科技有限公司 公司网址：http://ai-codbot.com/ 编码器电机应用
(CODBOT-SG02)简易二自由度云台/3-舵机资料/1-舵机简易3D模型/舵机996(1).PDF,舵机996(1).PDF,模块,机械图,CODBOT-SG02;MG996,1,57862,A3E3A8D1A4127CC853E1294D465AED7D0CB7405ACE7C6AFC6D53BD36F7B476CA,DUP-PDF-002,(CODBOT-SG02)简易二自由度云台/3-舵机资料/1-舵机简易3D模型/舵机996.PDF,未标注,,2022-05-06,2026-07-09T22:56:22+08:00,舵机996,DESKTOP-2EALP15\86159 (DESKTOP-2EALP15),可检索,270,,40 29 40 45 3 54.40 48.50 10 20 10 M3 R3 20 尺寸单位：mm 审核 设计 标记 处数 分区 更改文件号 签名 年月日 工艺 标准化 批准 阶 段 标 记 共 张 第 张 重量 比例 日期 签字 底图总号 旧底图总号 描校 描图 借(通)用件登记 零 件 代 号 校核 版本 替代 2:1 材质 <未指定> “图样代号” “图样名称” 0.032 11 主管设计 1 2 B C D E F A H G F E D C B A 11109876543 12 112 7 93 5 1061 124 8
(CODBOT-SG02)简易二自由度云台/3-舵机资料/1-舵机简易3D模型/舵机996.PDF,舵机996.PDF,模块,机械图,CODBOT-SG02;MG996,1,57862,A3E3A8D1A4127CC853E1294D465AED7D0CB7405ACE7C6AFC6D53BD36F7B476CA,DUP-PDF-002,,未标注,,2022-05-06,2026-07-09T22:53:11+08:00,舵机996,DESKTOP-2EALP15\86159 (DESKTOP-2EALP15),可检索,270,,40 29 40 45 3 54.40 48.50 10 20 10 M3 R3 20 尺寸单位：mm 审核 设计 标记 处数 分区 更改文件号 签名 年月日 工艺 标准化 批准 阶 段 标 记 共 张 第 张 重量 比例 日期 签字 底图总号 旧底图总号 描校 描图 借(通)用件登记 零 件 代 号 校核 版本 替代 2:1 材质 <未指定> “图样代号” “图样名称” 0.032 11 主管设计 1 2 B C D E F A H G F E D C B A 11109876543 12 112 7 93 5 1061 124 8
(CODBOT-SG02)简易二自由度云台/3-舵机资料/2-舵机接线及供电说明/各类型舵机接线供电与使用说明(1).pdf,各类型舵机接线供电与使用说明(1).pdf,模块,接线与原理,CODBOT-SG02;MG996;MG995;SG90/MG90S,4,646647,3CCBF9AFC26230E4FBC07D84C774B8B8DDBAAAE9F4056BD0D736D9DA514D40AF,DUP-PDF-003,(CODBOT-SG02)简易二自由度云台/3-舵机资料/2-舵机接线及供电说明/各类型舵机接线供电与使用说明.pdf,未标注,,2026-05-09,2026-07-09T22:56:22+08:00,,8615927301195,可检索,340,,"各类型舵机接线说明 一、 sg90/mg90s 舵机（工作电压 4.2-6V，额定电压 5V） 该系列舵机由于功率比较小，可以用 stm32、51、uno 等主板直接供电，其 接线情况如下图： 其中，棕色线接 GND,红色线接正极（5V） ，橙色线接PWM 线。 二、 mg995/mg996、20kg 等舵机(额定电压 5V) 该系列舵机属于大扭矩舵机，直接用开发板的普通 5V IO 引脚是带不 动的，会出现给 PWM 波后不转的情况。建议使用电源单独转出 5V 供电，同 时舵机电源需要与控制板共地。下图以酷点机器人自主研发的 CODBOT- SPM05 5V 电源模块为例介绍舵机接线参考情况。(该电源模块提供专用 5V 专用舵机接口，大大简化了接线) 三、 PWM 控制"
(CODBOT-SG02)简易二自由度云台/3-舵机资料/2-舵机接线及供电说明/各类型舵机接线供电与使用说明.pdf,各类型舵机接线供电与使用说明.pdf,模块,接线与原理,CODBOT-SG02;MG996;MG995;SG90/MG90S,4,646647,3CCBF9AFC26230E4FBC07D84C774B8B8DDBAAAE9F4056BD0D736D9DA514D40AF,DUP-PDF-003,,未标注,,2026-05-09,2026-07-09T22:53:23+08:00,,8615927301195,可检索,340,,"各类型舵机接线说明 一、 sg90/mg90s 舵机（工作电压 4.2-6V，额定电压 5V） 该系列舵机由于功率比较小，可以用 stm32、51、uno 等主板直接供电，其 接线情况如下图： 其中，棕色线接 GND,红色线接正极（5V） ，橙色线接PWM 线。 二、 mg995/mg996、20kg 等舵机(额定电压 5V) 该系列舵机属于大扭矩舵机，直接用开发板的普通 5V IO 引脚是带不 动的，会出现给 PWM 波后不转的情况。建议使用电源单独转出 5V 供电，同 时舵机电源需要与控制板共地。下图以酷点机器人自主研发的 CODBOT- SPM05 5V 电源模块为例介绍舵机接线参考情况。(该电源模块提供专用 5V 专用舵机接口，大大简化了接线) 三、 PWM 控制"
(CODBOT-SG02)简易二自由度云台/3-舵机资料/4-舵机控制原理/利用单片机PWM信号进行舵机控制.pdf,利用单片机PWM信号进行舵机控制.pdf,模块,接线与原理,CODBOT-SG02,5,277708,B437F8D7F9B86AFC6778947101558DC3CA5F26BBEA3B8673D25E36C36D114ABE,,,未标注,,2020-07-09,2026-07-09T22:56:50+08:00,,Administrator,可检索,2096,,在机器人机电控制系统中， 舵机控制效果是性能的重要影响因素。 舵机可以在微机电系 统和航模中作为基本的输出执行机构， 其简单的控制和输出使得单片机系统非常容易与之接 口。 舵机是一种位置伺服的驱动器，适用于那些需要角度不断变化并可以保持的控制系统。 其工作原理是： 控制信号由接收机的通道进入信号调制芯片， 获得直流偏置电压。 它内部有 一个基准电路， 产生周期为20ms， 宽度为1.5ms 的基准信号， 将获得的直流偏置电压与电 位器的电压比较， 获得电压差输出。 最后， 电压差的正负输出到电机驱动芯片决定电机的正 反转。当电机转速一定时，通过级联减速齿轮带动电位器旋转，使得电压差为0，电机停止 转动。 图1 舵机的控制要求 舵机的控制信号是 PWM 信号， 利用占空比的变化改变舵机的位置。 一般舵机的控制要 求如图 1 所示。 单片机实现舵机转角控制 可以使用 FPGA、模拟电路、单片机来产生舵机的控制信号，但 FPGA 成本高且电路复 杂。 对于脉宽调制信号的脉宽变换， 常用的一种方法是采用调制信号获取有源滤波后的直流 电压， 但是需要50Hz(周期是 20ms)的信号， 这对运放器件的选择有较高要求， 从电路体积 和功耗考虑也不易采用。5mV 以上的控制电压的变化就会引起舵机的抖动，对于机载的测 控系统而言，电源和其他器件的信号噪声都远大于5mV，所以滤波电路的精度难以达到舵
(CODBOT-SG02)简易二自由度云台/3-舵机资料/4-舵机控制原理/舵机的相关原理与控制原理.pdf,舵机的相关原理与控制原理.pdf,模块,接线与原理,CODBOT-SG02,2,141126,E3E169092CB296DAF62A8352F70EEEF15562026A8E63C4C3F4815DBF49ADA3D6,,,未标注,,2020-07-09,2026-07-09T22:56:23+08:00,,Administrator,可检索,1303,,"1、基本概念 模拟舵机： 需要不断的发送目的地PWM 信号， 才能旋转到指定位置。 例如： 我现在让它旋转 90 度，我就需要不断的发送90 度的PWM 信号直到到达指定位置才能停止。我们使用的SG9 0 就是一个模拟舵机 数字舵机：只需给一个目的地PWM 信号，即可旋转到指定位置。例如：我现在让它旋转90 度，我只需要发送一次90 度的PWM 信号，它就可以旋转到90 度。 PWM 信号：PWM，英文名Pulse Width Modulation，是脉冲宽度调制缩写，它是通过对一系 列脉冲的宽度进行调制， 等效出所需要的波形 （包含形状以及幅值） ， 对模拟信号电平进行 数字编码，也就是说通过调节占空比的变化来调节信号、能量等的变化。 占空比： 在一串理想的脉冲序列中(如方波) ,正脉冲的持续时间与脉冲总周期的比值. 例如: 脉冲宽度 1s,信号周期 4s 的脉冲序列占空比为 0.25。 1.舵机简介 在机器人机电控制系统中， 舵机控制效果是性能的重要影响因素。 舵机可以在微机电系 统和航模中作为基本的输出执行机构， 其简单的控制和输出使得单片机系统非常容易与之接 口。 舵机是一种位置 （角度） 伺服的驱动器， 适用于那些需要角度不断变化并可以保持的控 制系统。目前在高档遥控玩具， 如航模， 包括飞机模型， 潜艇模型；遥控机器人中已经使用 得比较普遍。舵机是一种俗称，其实是一种伺"
(CODBOT-SG02)简易二自由度云台/简易贰自由度云台(1).PDF,简易贰自由度云台(1).PDF,模块,机械图,CODBOT-SG02,1,66532,A39774903C2D2DBDB5536330088F109CDF9DD31C603006D5E37A05490649EE6E,DUP-PDF-004,(CODBOT-SG02)简易二自由度云台/简易贰自由度云台.PDF,未标注,,2026-03-17,2026-07-09T22:56:22+08:00,简易贰自由度云台,DESKTOP-2EALP15\86159 (DESKTOP-2EALP15),可检索,283,,62 114.08 32.20 56 48.20 61.58 25 56 8 14 37.20 62 25 14 14 20 3.10 M3 M3 审核 设计 标记 处数 分区 更改文件号 签名 年月日 工艺 标准化 批准 阶 段 标 记 共 张 第 张 重量 比例 日期 签字 底图总号 旧底图总号 描校 描图 借(通)用件登记 零 件 代 号 校核 版本 替代 1:1 “图样代号” “图样名称” 0.092 11 主管设计 1 2 B C D E F A H G F E D C B A 11109876543 12 112 7 93 5 1061 124 8
(CODBOT-SG02)简易二自由度云台/简易贰自由度云台.PDF,简易贰自由度云台.PDF,模块,机械图,CODBOT-SG02,1,66532,A39774903C2D2DBDB5536330088F109CDF9DD31C603006D5E37A05490649EE6E,DUP-PDF-004,,未标注,,2026-03-17,2026-07-09T22:53:09+08:00,简易贰自由度云台,DESKTOP-2EALP15\86159 (DESKTOP-2EALP15),可检索,283,,62 114.08 32.20 56 48.20 61.58 25 56 8 14 37.20 62 25 14 14 20 3.10 M3 M3 审核 设计 标记 处数 分区 更改文件号 签名 年月日 工艺 标准化 批准 阶 段 标 记 共 张 第 张 重量 比例 日期 签字 底图总号 旧底图总号 描校 描图 借(通)用件登记 零 件 代 号 校核 版本 替代 1:1 “图样代号” “图样名称” 0.092 11 主管设计 1 2 B C D E F A H G F E D C B A 11109876543 12 112 7 93 5 1061 124 8
(CODBOT-SG02)简易二自由度云台/酷点机器人产品手册PPT(1).pdf,酷点机器人产品手册PPT(1).pdf,模块,产品目录,CODBOT-SG02,49,9904425,1861D2D2007D85760F4CF2EA65A37CF346CC740F0CC2B9CFA91832460C08C2FE,DUP-PDF-005,(CODBOT-SG02)简易二自由度云台/酷点机器人产品手册PPT.pdf,未标注,,2026-05-30,2026-07-09T22:56:38+08:00,,,可检索,596,,酷点机器人智能小车产品手册 https://www.ai-codbot.com 01. 公司简介 p3 02. 机器人底盘系列 p5 03. 智能移动反光锥系列 p13 05. 教育机器人系列 p19 06. 机器人配件系列 p32 07. 底盘控制器系列 p46 08. 联系我们 p49 04. ROS智能小车系列 p16 本手册内容仅供选型参考，具体参数以跟销售下单时为准 让创造，更酷一点 https://www.ai-codbot.com 技术酷点： 解决机器人和人工智能技术难点、创造技术亮点 创意酷点： 激发机器人和人工智能的创意火花 社区酷点： 打造机器人和人工智能爱好者的“酷”据点 武汉酷点机器人科技有限公司成立于 2020年， 是国内优秀的智能移动机器人底盘及机器人教育设 备完整解决方案商，集自主研发、生产销售为一体 的国家高新技术企业。公司在机器人线控底盘、导 航定位算法、机开发应用以及助方高发“器人控制器 等方面具备多项自主核心技术，并在相关方向已具 备近 30 篇专利、软著，和十余项商标。 经过不断的深耕与沉淀，公司已经逐步打造出包括 机器人线控底盘、机器人导航建图学习套件、机器 人域控制器及周边设备等产品，公司产品目前已经 广泛应用于国内多所高校和企业。未来我们将专注 于智能移动机器人和智能机器人教育设备的研究与 开发，致力于让机器人开发和学习更简单。
(CODBOT-SG02)简易二自由度云台/酷点机器人产品手册PPT.pdf,酷点机器人产品手册PPT.pdf,模块,产品目录,CODBOT-SG02,49,9904425,1861D2D2007D85760F4CF2EA65A37CF346CC740F0CC2B9CFA91832460C08C2FE,DUP-PDF-005,,未标注,,2026-05-30,2026-07-09T22:53:11+08:00,,,可检索,596,,酷点机器人智能小车产品手册 https://www.ai-codbot.com 01. 公司简介 p3 02. 机器人底盘系列 p5 03. 智能移动反光锥系列 p13 05. 教育机器人系列 p19 06. 机器人配件系列 p32 07. 底盘控制器系列 p46 08. 联系我们 p49 04. ROS智能小车系列 p16 本手册内容仅供选型参考，具体参数以跟销售下单时为准 让创造，更酷一点 https://www.ai-codbot.com 技术酷点： 解决机器人和人工智能技术难点、创造技术亮点 创意酷点： 激发机器人和人工智能的创意火花 社区酷点： 打造机器人和人工智能爱好者的“酷”据点 武汉酷点机器人科技有限公司成立于 2020年， 是国内优秀的智能移动机器人底盘及机器人教育设 备完整解决方案商，集自主研发、生产销售为一体 的国家高新技术企业。公司在机器人线控底盘、导 航定位算法、机开发应用以及助方高发“器人控制器 等方面具备多项自主核心技术，并在相关方向已具 备近 30 篇专利、软著，和十余项商标。 经过不断的深耕与沉淀，公司已经逐步打造出包括 机器人线控底盘、机器人导航建图学习套件、机器 人域控制器及周边设备等产品，公司产品目前已经 广泛应用于国内多所高校和企业。未来我们将专注 于智能移动机器人和智能机器人教育设备的研究与 开发，致力于让机器人开发和学习更简单。
2025竞赛题目列表（本科）/A题_能量回馈的变流器负载试验装置.pdf,A题_能量回馈的变流器负载试验装置.pdf,比赛规则,竞赛题目,2025;本科组,3,761507,C43E00A4C6313177A16B2048969DF6D980C892B7AECF31B44832DD535C6551AA,,,未标注,,2025-07-29,2025-07-29T16:29:06+08:00,楍牣獯景⁴潗摲ⴠ䄠ꋩ徘菨辇鯥袦髧颏뗦ꢙ듨붽꿨貪ꏨ꺽,ts4,可检索,1552,,A - 1 / 3 2025年全国大学生电子设计竞赛试题 参赛注意事项 （1）7月30日8:00竞赛正式开始。本科组参赛队只能在【本科组】题目中任选一题；高职高专组参赛 队在【高职高专组】题目中任选一题，也可以选择【本科组】题目。 （2）参赛队认真填写《登记表》内容，填写好的《登记表》交赛场巡视员暂时保存。 （3）参赛者必须是有正式学籍的全日制在校本、专科学生，应出示能够证明参赛者学生身份的有效证 件（如学生证）随时备查。 （4）每队严格限制3人，开赛后不得中途更换队员。 （5）竞赛期间，可使用各种图书资料和网络资源，但不得在学校指定竞赛场地外进行设计制作，不得 以任何方式与他人交流，包括教师在内的非参赛队员必须迴避，对违纪参赛队取消评审资格。 （6）8月2日20:00竞赛结束，上交设计报告、制作实物及《登记表》 ，由专人封存。 能量回馈的变流器负载试验装置（A题） 【本科组】 一、任务 设计并制作一个能量回馈的变流器负载试验装置 （简称试验装置） ， 其结构如图1所示。 变流器负载试验时， 受试变流器1（DC-AC） 将直流电变为交流电， 其输出通过连接单元与 变流器2（AC-DC） 相连， 变流器2将交流电转换成直流电， 并回馈至变流器1的输入端， 与直流电源共同给变流器1供电，从而实现节能。 图1 能量回馈的变流器负载试验装置原理图 图2 基本要求测试原理图 二、要求 1. 
2025竞赛题目列表（本科）/B题_单相有源电力滤波实验装置.pdf,B题_单相有源电力滤波实验装置.pdf,比赛规则,竞赛题目,2025;本科组,4,770634,9D2DEC1AEDD353D2ADB38A74F5C3D95DA03FB4D7162346D101919CD7E5C3952B,,,未标注,,2025-07-29,2025-07-29T16:35:55+08:00,Microsoft Word - Bé¢Ÿ_å“Łçł¸æœ›æº’çﬂµå−łæ»¤æ³¢å®žéª„è£–ç½®,ts4,可检索,2146,,B - 1 / 4 2025年全国大学生电子设计竞赛试题 参赛注意事项 （1）7月30日8:00竞赛正式开始。本科组参赛队只能在【本科组】题目中任选一题；高职 高专组参赛队在【高职高专组】题目中任选一题，也可以选择【本科组】题目。 （2）参赛队认真填写《登记表》内容，填写好的《登记表》交赛场巡视员暂时保存。 （3）参赛者必须是有正式学籍的全日制在校本、专科学生，应出示能够证明参赛者学生身 份的有效证件（如学生证）随时备查。 （4）每队严格限制3人，开赛后不得中途更换队员。 （5）竞赛期间，可使用各种图书资料和网络资源，但不得在学校指定竞赛场地外进行设计 制作，不得以任何方式与他人交流，包括教师在内的非参赛队员必须迴避，对违纪参 赛队取消评审资格。 （6）8月2日20:00竞赛结束，上交设计报告、制作实物及《登记表》 ，由专人封存。 单相有源电力滤波实验装置（B 题） 【本科组】 一、 任务 设计并制作如图1所示单相有源电力滤波实验装置（简称装置） ，检测并显 示非线性负载电流iL及其谐波成分与含量，控制有源电力滤波器（APF）产生补 偿电流iF，降低网侧电流iS中谐波含量。非线性负载电路如图2所示，开关KD 用以切换半波、桥式整流，开关KC用以切换有、无电容滤波，测试时电容可在 1000~10000µF（电容额定电压不低于100V）范围内设置。 图1 单相有源电力滤波实验装置结构框
2025竞赛题目列表（本科）/C题_基于单目视觉的目标物测量装置.pdf,C题_基于单目视觉的目标物测量装置.pdf,比赛规则,竞赛题目,2025;本科组,4,796463,388C204BF489ABC6F15976E9526CBAECCB8E4EB678250CB28D0AC46EDAA3E722,,,未标注,,2025-07-29,2025-07-29T16:42:25+08:00,楍牣獯景⁴潗摲ⴠ䌠ꋩ徘鿥躺跥꺛꟨覧髧꺛ꃦꦉ뗦辇ꏨ꺽,ts4,可检索,2169,,C - 1 / 4 2025年全国大学生电子设计竞赛试题 参赛注意事项 （1）7月30日8:00竞赛正式开始。本科组参赛队只能在【本科组】题目中任选一题；高职 高专组参赛队在【高职高专组】题目中任选一题，也可以选择【本科组】题目。 （2）参赛队认真填写《登记表》内容，填写好的《登记表》交赛场巡视员暂时保存。 （3）参赛者必须是有正式学籍的全日制在校本、专科学生，应出示能够证明参赛者学生身 份的有效证件（如学生证）随时备查。 （4）每队严格限制3人，开赛后不得中途更换队员。 （5）竞赛期间，可使用各种图书资料和网络资源，但不得在学校指定竞赛场地外进行设计 制作，不得以任何方式与他人交流，包括教师在内的非参赛队员必须迴避，对违纪参 赛队取消评审资格。 （6）8月2日20:00竞赛结束，上交设计报告、制作实物及《登记表》 ，由专人封存。 基于单目视觉的目标物测量装置（C 题） 【本科组】 一、 任务 设计制作基于单目视觉的目标物测量装置， 用于测量并显示基准线到目标物 的距离D（见说明） 、目标物平面（简称物面）上几何图形的边长或直径x，测量 系统组成如图1所示。测量电路和单目摄像头组成测量装置，如图2所示，由外 图2 测量装置组成框图 图1 基于单目视觉的目标物测量系统组成 （a）正视示意图 （b）俯视示意图 C - 2 / 4 部5V直流稳压电源供电。 二、要求 1. 基本要求 （1
2025竞赛题目列表（本科）/D题_简易以太网双绞线测试仪.pdf,D题_简易以太网双绞线测试仪.pdf,比赛规则,竞赛题目,2025;本科组,3,629696,728EDEE8D3E2691F7AD0AEA8051AE12E7D8C22325E0411EDBF2F8C3A0F8BAE89,,,未标注,,2025-07-29,2025-07-29T16:46:01+08:00,Microsoft Word - Dé¢Ÿ_ç®•æŸﬁä»¥å¤ªç½‚å‘„ç»žçº¿æµ‰è¯Łä»ª,ts4,可检索,2017,,D - 1 / 3 2025年全国大学生电子设计竞赛试题 参赛注意事项 （1）7月30日8:00竞赛正式开始。本科组参赛队只能在【本科组】题目中任选一题；高职 高专组参赛队在【高职高专组】题目中任选一题，也可以选择【本科组】题目。 （2）参赛队认真填写《登记表》内容，填写好的《登记表》交赛场巡视员暂时保存。 （3）参赛者必须是有正式学籍的全日制在校本、专科学生，应出示能够证明参赛者学生身 份的有效证件（如学生证）随时备查。 （4）每队严格限制3人，开赛后不得中途更换队员。 （5）竞赛期间，可使用各种图书资料和网络资源，但不得在学校指定竞赛场地外进行设计 制作，不得以任何方式与他人交流，包括教师在内的非参赛队员必须迴避，对违纪参 赛队取消评审资格。 （6）8月2日20:00竞赛结束，上交设计报告、制作实物及《登记表》 ，由专人封存。 简易以太网双绞线测试仪（D题） 【本科组】 一、任务 设计并制作一个简易以太网双绞线测试仪（简称测试仪），如图1所示。待测 以太网双绞线 （简称线缆） 通过RJ45连接器与测试仪连接。 线缆双端接入测试仪， 测量线缆的线对连接关系（直连、交叉）、类型(非屏蔽双绞线UTP、双屏蔽双绞 线SFTP)、直流电阻，以及交流衰减；线缆单端接入测试仪，测量线缆的长度和 短路位置。测试仪由不大于6V的单电源供电。 以太网双绞线测试仪 端口1端口2 以太网双绞线测试仪 
2025竞赛题目列表（本科）/E题_简易自行瞄准装置.pdf,E题_简易自行瞄准装置.pdf,比赛规则,竞赛题目,2025;本科组,4,834451,893AEE9644CE3367780AE32FC5658043382FA28AB9118C450F00AD4F71AD939C,,,未标注,,2025-07-29,2025-07-29T16:52:46+08:00,Microsoft Word - Eé¢Ÿ_ç®•æŸﬁè⁄ªè¡„çž—å⁄ƒè£–ç½®,ts4,可检索,2047,,E - 1 / 4 100cmA4紫外感光靶纸 ABCD图1 简易自行瞄准装置场景图 2025年全国大学生电子设计竞赛试题 参赛注意事项 （1）7月30日8:00竞赛正式开始。本科组参赛队只能在【本科组】题目中任选一题；高职 高专组参赛队在【高职高专组】题目中任选一题，也可以选择【本科组】题目。 （2）参赛队认真填写《登记表》内容，填写好的《登记表》交赛场巡视员暂时保存。 （3）参赛者必须是有正式学籍的全日制在校本、专科学生，应出示能够证明参赛者学生身 份的有效证件（如学生证）随时备查。 （4）每队严格限制3人，开赛后不得中途更换队员。 （5）竞赛期间，可使用各种图书资料和网络资源，但不得在学校指定竞赛场地外进行设计 制作，不得以任何方式与他人交流，包括教师在内的非参赛队员必须迴避，对违纪参 赛队取消评审资格。 （6）8月2日20:00竞赛结束，上交设计报告、制作实物及《登记表》 ，由专人封存。 简易自行瞄准装置（E 题） 【本科组】 一、 任务 设计制作一个简易自行瞄准装置，该装置包括自动寻迹小车及瞄准模块两部 分。自动寻迹小车行驶必须采用TI MSPM0系列MCU（简称MSPM0）控制（包 括巡迹、电机控制） ；瞄准模块以小车为载体，利用二维云台控制蓝紫激光笔发 射激光的方向，使激光光斑落在目标靶上，靶上光斑直径≤0.5cm。要求MSPM0 控制器和瞄准模块的电源分别由两个独立
2025竞赛题目列表（本科）/F题_简易自动接收机.pdf,F题_简易自动接收机.pdf,比赛规则,竞赛题目,2025;本科组,2,648395,13345C5DA97868E2369026095F426A87B100D9D13B32AE26EBCC948113D41D05,,,未标注,,2025-07-29,2025-07-29T16:55:39+08:00,Microsoft Word - Fé¢Ÿ_ç®•æŸﬁè⁄ªå−¨æ”¥æﬂ¶æœº,ts4,可检索,1577,,F - 1 / 2 2025年全国大学生电子设计竞赛试题 参赛注意事项 （1）7月30日8:00竞赛正式开始。本科组参赛队只能在【本科组】题目中任选一题；高职 高专组参赛队在【高职高专组】题目中任选一题，也可以选择【本科组】题目。 （2）参赛队认真填写《登记表》内容，填写好的《登记表》交赛场巡视员暂时保存。 （3）参赛者必须是有正式学籍的全日制在校本、专科学生，应出示能够证明参赛者学生身份 的有效证件（如学生证）随时备查。 （4）每队严格限制3人，开赛后不得中途更换队员。 （5）竞赛期间，可使用各种图书资料和网络资源，但不得在学校指定竞赛场地外进行设计制 作，不得以任何方式与他人交流，包括教师在内的非参赛队员必须迴避，对违纪参赛 队取消评审资格。 （6）8月2日20:00竞赛结束，上交设计报告、制作实物及《登记表》 ，由专人封存。 简易自动接收机（F 题） 【本科组】 一、 任务 设计并制作一台简易自动接收机，自动搜索并接收88MHz~108MHz频率范 围内的调频或调幅信号。接收机接收的信号由射频信号源产生，载波频率调节步 进为100kHz，调制信号的频率范围为300Hz~3400Hz。接收机输出端接8Ω负载 电阻。自动识别调制方式，解调输出信号用示波器观察，波形应无明显失真。 二、 要求 1. 基本要求 射频信号源载波电平范围为85dBm~60dBm。 （1） 搜索并解调调
2025竞赛题目列表（本科）/G题_电路模型探究装置.pdf,G题_电路模型探究装置.pdf,比赛规则,竞赛题目,2025;本科组,3,557862,E12E1FAFC1BE88B06817EC3E91597A41809D92F070F9AF0F933114741C3EFC8A,,,未标注,,2025-07-29,2025-07-29T16:59:45+08:00,Microsoft Word - Gé¢Ÿ_çﬂµè·¯æ¨¡åž‰æ”¢ç©¶è£–ç½®,ts4,可检索,2419,,G - 1 / 3 2025年全国大学生电子设计竞赛试题 参赛注意事项 （1）7月30日8:00竞赛正式开始。本科组参赛队只能在【本科组】题目中任选一题；高职高专组参赛队 在【高职高专组】题目中任选一题，也可以选择【本科组】题目。 （2）参赛队认真填写《登记表》内容，填写好的《登记表》交赛场巡视员暂时保存。 （3） 参赛者必须是有正式学籍的全日制在校本、 专科学生， 应出示能够证明参赛者学生身份的有效证件 （如 学生证）随时备查。 （4）每队严格限制3人，开赛后不得中途更换队员。 （5）竞赛期间，可使用各种图书资料和网络资源，但不得在学校指定竞赛场地外进行设计制作，不得以任 何方式与他人交流，包括教师在内的非参赛队员必须迴避，对违纪参赛队取消评审资格。 （6）8月2日20:00竞赛结束，上交设计报告、制作实物及《登记表》 ，由专人封存。 电路模型探究装置（G题） 【本科组】 一、任务 设计并制作RC有源滤波电路 （简称已知模型电路） 和电路模型探究装置 （简称探究装置） 。 基本要求中，探究装置可自动调节本身的输出信号并加给“已知模型电路” ，使该电路按要求 输出信号； 发挥部分中， 探究装置可对测评现场提供的 “未知模型电路” 进行自主学习、 建模， 并根据该电路输入端的信号推理生成与该电路相同的输出信号。 二、要求 1．基本要求 （1） 在单独的电路板上搭建电压传递函数为 𝐻(
2025竞赛题目列表（本科）/H题_野生动物巡查系统.pdf,H题_野生动物巡查系统.pdf,比赛规则,竞赛题目,2025;本科组,4,1165586,F17233BA31DFD7ED4AE4EA63FE2D9E642318BF2AD357360B92DB6E6F3FE7BD4B,,,未标注,,2025-07-29,2025-07-29T17:05:37+08:00,楍牣獯景⁴潗摲ⴠ䠠ꋩ徘蟩龔諥ꦉ럥ꖟ돧龻,ts4,可检索,2185,,H - 1 / 4 2025年全国大学生电子设计竞赛试题 参赛注意事项 （1）7月30日8:00竞赛正式开始。本科组参赛队只能在【本科组】题目中任选一题；高职 高专组参赛队在【高职高专组】题目中任选一题，也可以选择【本科组】题目。 （2）参赛队认真填写《登记表》内容，填写好的《登记表》交赛场巡视员暂时保存。 （3）参赛者必须是有正式学籍的全日制在校本、专科学生，应出示能够证明参赛者学生身 份的有效证件（如学生证）随时备查。 （4）每队严格限制3人，开赛后不得中途更换队员。 （5）竞赛期间，可使用各种图书资料和网络资源，但不得在学校指定竞赛场地外进行设计 制作，不得以任何方式与他人交流，包括教师在内的非参赛队员必须迴避，对违纪参 赛队取消评审资格。 （6）8月2日20:00竞赛结束，上交设计报告、制作实物及《登记表》 ，由专人封存。 野生动物巡查系统（H 题） 【本科组】 一、任务 用多旋翼自主飞行无人机巡查450cm×350cm区域（分成63个50cm× 50cm方格） ，识别、统计区域内野生动物类型(如象、虎、狼、猴、孔雀等)、 所在位置及各种动物的数量。巡查时不得飞越灰色矩形禁飞区，禁飞区由数个 连续方格组成，在测试时现场给出这些方格的代码，见图1。 巡查系统由无人机及地面站构成，地面站需包含但不限于微控制器、不小 于6吋的显示屏、按键输入设备；但不允许使用通用键盘和PC机。无
2025竞赛题目列表（高职高专）/I题_非接触式控制盘.pdf,I题_非接触式控制盘.pdf,比赛规则,竞赛题目,2025;高职高专组,3,1420725,247741617B94B2F58E14632938928D43AA761C6252D39D1F181B313A0E6AF715,,,未标注,,2025-07-29,2025-07-29T17:38:00+08:00,Microsoft Word - Ié¢Ÿ_éšžæ”¥è§¦å¼‘æ”§å‹¶çłŸ,ts4,可检索,1967,,I - 1 / 3 2025年全国大学生电子设计竞赛试题 参赛注意事项 （1）7月30日8:00竞赛正式开始。本科组参赛队只能在【本科组】题目中任选一题；高职 高专组参赛队在【高职高专组】题目中任选一题，也可以选择【本科组】题目。 （2）参赛队认真填写《登记表》内容，填写好的《登记表》交赛场巡视员暂时保存。 （3）参赛者必须是有正式学籍的全日制在校本、专科学生，应出示能够证明参赛者学生身 份的有效证件（如学生证）随时备查。 （4）每队严格限制3人，开赛后不得中途更换队员。 （5）竞赛期间，可使用各种图书资料和网络资源，但不得在学校指定竞赛场地外进行设计 制作，不得以任何方式与他人交流，包括教师在内的非参赛队员必须迴避，对违纪参 赛队取消评审资格。 （6）8月2日20:00竞赛结束，上交设计报告、制作实物及《登记表》 ，由专人封存。 非接触式控制盘（I 题） 【高职高专组】 一、任务 设计并制作一个非接触式控制盘。控制盘由操作面板、显示器及测控模块组 成，控制盘的负载为直流风扇，组成结构如图1所示，其中，操作面板上的S1、 S2、S3、S4为漫反射式光电开关，S5为自制超声波测距模块，操作面板尺寸不 大于40cm×40cm，直流风扇的最高工作电压为12V。 图1非接触式控制盘的组成结构图 控制盘通过挥手形式完成启动/停止、正转/反转、工作电压调整、运行时间设 定和组合操作功能。显示器
2025竞赛题目列表（高职高专）/J题_超声信标定位系统.pdf,J题_超声信标定位系统.pdf,比赛规则,竞赛题目,2025;高职高专组,3,596061,69E718C11900DD5838169D0313DCF65C5B59D11A69B392E3FE6F612459ECE7B4,,,未标注,,2025-07-29,2025-07-29T17:28:41+08:00,楍牣獯景⁴潗摲ⴠ䨠ꋩ徘뛨낣뿤螠껥趽돧龻,ts4,可检索,2034,,J - 1 / 3 2025年全国大学生电子设计竞赛试题 参赛注意事项 （1）7月30日8:00竞赛正式开始。本科组参赛队只能在【本科组】题目中任选一题；高职 高专组参赛队在【高职高专组】题目中任选一题，也可以选择【本科组】题目。 （2）参赛队认真填写《登记表》内容，填写好的《登记表》交赛场巡视员暂时保存。 （3）参赛者必须是有正式学籍的全日制在校本、专科学生，应出示能够证明参赛者学生身 份的有效证件（如学生证）随时备查。 （4）每队严格限制3人，开赛后不得中途更换队员。 （5）竞赛期间，可使用各种图书资料和网络资源，但不得在学校指定竞赛场地外进行设计 制作，不得以任何方式与他人交流，包括教师在内的非参赛队员必须迴避，对违纪参 赛队取消评审资格。 （6）8月2日20:00竞赛结束，上交设计报告、制作实物及《登记表》 ，由专人封存。 超声信标定位系统（J 题） 【高职高专组】 一、任务 设计并制作超声信标定位系统。系统由声源信标装置（简称信标）和定位装 置两部分构成。 测试场地是平整地面上一个圆心角90、 半径300cm的扇形区域， 如图1所示。 信标放置在图1中的扇环区域，外圆半径300cm，内圆半径150cm。定位装 置放置在圆心O点周围，通过接收和分析处理来自信标的超声信号，确定信标 所在位置。 图 1 声源信标和定位装置测试场地示意图 J - 2 / 3 二、要求 1．基本
2025竞赛题目列表（高职高专）/K题_自动避障小车.pdf,K题_自动避障小车.pdf,比赛规则,竞赛题目,2025;高职高专组,3,598230,C765CCE608CD070996686833D7B93311157BD27C1337830740C7AAD06F359628,,,未标注,,2025-07-29,2025-07-29T17:31:46+08:00,Microsoft Word - Ké¢Ÿ_è⁄ªå−¨é†¿éıœå°‘è½¦,ts4,可检索,1924,,K - 1 / 3 2025年全国大学生电子设计竞赛试题 参赛注意事项 （1）7月30日8:00竞赛正式开始。本科组参赛队只能在【本科组】题目中任选一题；高 职高专组参赛队在【高职高专组】题目中任选一题，也可以选择【本科组】题目。 （2）参赛队认真填写《登记表》内容，填写好的《登记表》交赛场巡视员暂时保存。 （3）参赛者必须是有正式学籍的全日制在校本、专科学生，应出示能够证明参赛者学生身 份的有效证件（如学生证）随时备查。 （4）每队严格限制3人，开赛后不得中途更换队员。 （5）竞赛期间，可使用各种图书资料和网络资源，但不得在学校指定竞赛场地外进行设计 制作，不得以任何方式与他人交流，包括教师在内的非参赛队员必须迴避，对违纪参 赛队取消评审资格。 （6）8月2日20:00竞赛结束，上交设计报告、制作实物及《登记表》 ，由专人封存。 自动避障小车（K 题） 【高职高专组】 一、 任务 制作一辆自动避障小车，从测试场地边墙入口A驶入，按具体任务要求绕 过场地内的圆柱障碍，在规定时间内从出口C驶出。测试场地如图1所示，为 边长2米的正方形，四周有边墙围挡，两侧有入口A和出口C，4个白色、5个 黑色圆柱用圆柱座固定在场地上作为障碍物。 200cm 50cm200cmAC出发线 边墙50cm 1行 2行 3行 1列 2列 3列 准备区 白色圆柱 黑色圆柱 图1 自动避障小车测试场地示意图 二
3507.pdf,3507.pdf,芯片,芯片数据手册,LP-MSPM0G3507;MSPM0G3507,119,5347267,47001FF4433B1AA1EDB1B4A4509D624A0816618DA1EF531BC1BB09FC403CE280,,,Rev. C,SLASEX6C,2026-06-19,2026-07-09T23:21:39+08:00,MSPM0G350x Mixed-Signal Microcontrollers With CAN-FD Interface datasheet (Rev. C),"Texas Instruments, Incorporated [SLASEX6,C ]",可检索,7864,,"MSPM0G350x Mixed-Signal MicrocontrollersWith CAN-FD Interface 1 Features • Core – Arm® 32-bit Cortex®-M0+ CPU with memory protection unit, frequency up to 80MHz • Operating characteristics – Extended temperature: –40°C up to 125°C – Wide supply voltage range: 1.62V to 3.6V • Memories – Up to 128KB of flash memory with error correction code (ECC) – Up to 32KB of SRAM with hardware parity • High-performance analog peripherals – Two simultaneous sampling 12-bit 4Msps analog-to-digital converters (ADCs) with up to 17 external channels • 14-bit effective resolution at 250ksps with hardware averagin"
BoostXL-DRV8301 硬件用户指南.pdf,BoostXL-DRV8301 硬件用户指南.pdf,开发板;芯片;模块,用户指南,LAUNCHXL-F28027;BOOSTXL-DRV8301;C2000;DRV8301,13,4247340,6DC8F533DCF9CB0D03380436B93D0558D43654A361FCCB5D2A223F94630E0B53,,,未标注,SLVU974,2013-10-31,2026-07-02T14:16:53+08:00,BOOSTXL-DRV8301 Hardware User's Guide,"Texas Instruments, Incorporated [SLVU974,*]",可检索,4759,,User's Guide SLVU974 – October 2013 BOOSTXL-DRV8301 Hardware User's Guide This user's guide details the hardware systems and operation of the Booster Pack for the BOOSTXL- DRV8301 Motor Drive. Contents 1 BOOSTXL-DRV8301 PCB (3-D Views) .................................................................................. 2 2 Introduction to the BOOSTXL-DRV8301 ................................................................................. 3 2.1 Features ............................................................................................................. 3 2.2 Pinout .....................
LAUNCHXL-F28027 C2000.pdf,LAUNCHXL-F28027 C2000.pdf,开发板;芯片,用户指南,LAUNCHXL-F28027;C2000;2000,14,419675,E3A81B752BA55B5ABC77E819EC4C249E6E1CA6C74144EC6C37448C0EBF7F1296,,,Rev. C,SPRUHH2C,2019-03-20,2026-07-02T14:17:49+08:00,LAUNCHXL-F28027 C2000 Piccolo LaunchPad experimenter kit (Rev. C),"Texas Instruments, Incorporated [SPRUHH2,C ]",可检索,8000,,"1SPRUHH2C – July 2012 – Revised March 2019 Submit Documentation Feedback Copyright © 2012–2019, Texas Instruments Incorporated LAUNCHXL-F28027 C2000 Piccolo LaunchPad Experimenter Kit User's Guide SPRUHH2C – July 2012 – Revised March 2019 LAUNCHXL-F28027 C2000 Piccolo LaunchPad Experimenter Kit Contents 1 LAUNCHXL-F28027 Overview............................................................................................. 1 2 Installation .................................................................................................................... 2 3 Getting Started with the LAUNCHXL-F28"
MCU JTAG.pdf,MCU JTAG.pdf,芯片;模块,调试指南,XDS110;C2000,22,1092830,EAD47D3D5CB5C4BE13D610F7470BC925CC97E2444C56F01D84B3DF37A206EC85,,,Rev. D,,2026-05-12,2026-07-09T23:26:19+08:00,C2000™ MCU JTAG 连接调试 (Rev. D),"Texas Instruments, Incorporated [ZHCAC06,D ]",可检索,6945,,"Application Note C2000™ MCU JTAG 连接调试 Matthew Pate, Matt Kukucka, Benjamin Collier, and Nabil Saheb 摘要 联合测试行动组 (JTAG) 协议是在产品开发、仿真和应用调试期间与微控制器 (MCU) 进行通信的主要方式。所有 德州仪器 (TI) C2000™ 器件均支持 JTAG 仿真，而且 C2000 评估产品（如 controlCARD 和 LaunchPad™ 开发套 件）包含板载 JTAG 仿真。本应用报告简要概述 JTAG 的实现，并介绍在使用 Code Composer Studio™ 软件时用 于解决常见 JTAG 连接错误的步骤。 如果您在使用 JTAG 与 C2000™ 器件进行通信时遇到问题，TI 强烈建议用户在通过 TI 的 E2E™ 论坛等平台寻求 帮助之前遵循本调试指南。作为筛选，TI 支持人员会询问您对本指南的使用情况。 内容 1 什么是 JTAG？.............................................................................................................................................................."
MSP-LITO-G3507 Evaluation Module.pdf,MSP-LITO-G3507 Evaluation Module.pdf,开发板;芯片,用户指南,LP-MSPM0G3507;MSP-LITO-G3507;XDS110;MSPM0G3507,19,1069899,E20F4496CFD8E03AC7B26FB0C6AD3D895342DEBD41077B87DCC02D4D28633EE1,,,未标注,SLVUDA3,2025-07-11,2026-07-09T23:27:23+08:00,MSP-LITO-G3507 Evaluation Module User's Guide,"Texas Instruments, Incorporated [SLVUDA3,*]",可检索,8000,,"EVM User's Guide: MSP-LITO-G3507 Evaluation Module Description The MSP-LITO-G3507 Evaluation Module is an easy- to use evaluation module for the MSPM0G3507 microcontroller (MCU). The EVM is a small, complete, and breadboard-friendly board which contains the basic components needed for a complete MSPM0G3507-based system. Different from the LP-MSPM0G3507, this EVM is a minimum MSPM0G3507 system board because this EVM doesn't contain special function module such as the onboard debug probe, thermistor, light sensor and other analog component. However, this EVM contains an onboard button and LED fo"
MSPM0G3507.pdf,MSPM0G3507.pdf,开发板;芯片,用户指南,LP-MSPM0G3507;XDS110;MSPM0G3507,25,1815326,AE6F84C7610B1845213A4780E0F44CE8B934465B17B302EDF289B2C9BC9FFDCA,,,Rev. D,SLAU873D,2024-10-31,2026-07-09T23:20:05+08:00,MSPM0G3507 LaunchPad Development Kit User's Guide (LP-MSPM0G3507) (Rev. D),"Texas Instruments, Incorporated [SLAU873,D ]",可检索,8000,,"User's Guide MSPM0G3507 LaunchPad Development Kit (LP‑MSPM0G3507) ABSTRACT The MSPM0G3507 LaunchPad™ development kit is an easy-to-use evaluation module for the MSPM0G3507 microcontroller (MCU). The LaunchPad kit contains everything needed to start developing on the MSPM0Gxxxx microcontroller platform, including an onboard debug probe for programming, debugging, and EnergyTrace™ technology. The board also features onboard buttons, LEDs, an RGB LED, a light sensor, and a temperature sensor. The following figure shows the LP-MSPM0G3507 LaunchPad Development Kit. MSPM0G3507 LaunchPad Development "
XDS110 Debug Probe.pdf,XDS110 Debug Probe.pdf,模块,用户指南,XDS110,27,790569,0FF848F0B5AF8935918EBF7A982E87ECF54EF9AD4251C1B0DEC703E62DF6FA85,,,未标注,SPRUI94,2017-01-31,2026-07-09T23:26:46+08:00,XDS110 Debug Probe,"Texas Instruments, Incorporated",可检索,5798,,"XDS110 Debug Probe User's Guide Literature Number: SPRUI94 January 2017 2 SPRUI94 – January 2017 Submit Documentation Feedback Copyright © 2017, Texas Instruments Incorporated Table of Contents Contents 1 Overview............................................................................................................................. 4 1.1 XDS110 Probe Feature Summary ..................................................................................... 4 1.2 XDS110 System Summary ............................................................................................. 4 1.3 XDS110 Perfo"
历年赛题/2005年全国大学生电子设计大赛题目.pdf,2005年全国大学生电子设计大赛题目.pdf,比赛规则,竞赛题目,2005,13,635453,80A6BA0A52C636549E8CE3F5B57ABC0EEEE714B87E312C0674E2E8042A6AA480,,,未标注,,2016-11-13,2016-11-13T14:12:24+08:00,,王福敏,可检索,2339,,A-1 2005年全国大学生电子设计竞赛试题 参赛注意事项 （1）2005 年 9 月 7 日 8:00 竞赛正式开始， 每支参赛队限定在提供的A、B、C、D、E、F、 G 题中任选一题；认真填写《登记表》各栏目内容，填写好的《登记表》由赛场巡视员暂时保 存。 （2）参赛者必须是有正式学籍的全日制在校本、专科学生，应出示能够证明参赛者学生 身份的有效证件（如学生证）随时备查。 （3）每队严格限制 3 人，开赛后不得中途更换队员。 （4）竞赛期间，可使用各种图书资料和网络资源，但不得在学校指定竞赛场地外进行设 计制作，不得以任何方式与他人交流，包括教师在内的非参赛队员必须迴避，对违纪参赛队取 消评审资格。 （5）2005 年 9 月 10 日 20:00 竞赛结束，上交设计报告、制作实物及《登记表》 ，由专人 封存。 正弦信号发生器（A 题） 一、任务 设计制作一个正弦信号发生器。 二、要求 1、基本要求 （1）正弦波输出频率范围：1kHz～10MHz； （2）具有频率设置功能，频率步进：100Hz； （3）输出信号频率稳定度：优于 10-4； （4）输出电压幅度：在 50 负载电阻上的电压峰-峰值 Vopp≥1V； （5）失真度：用示波器观察时无明显失真。 2、发挥部分 在完成基本要求任务的基础上，增加如下功能： （1）增加输出电压幅度：在频率范围内 50 负载电阻上正弦信号输
历年赛题/2007年全国大学生电子设计大赛题目.pdf,2007年全国大学生电子设计大赛题目.pdf,比赛规则,竞赛题目,2007,15,1872660,5C584DF958A46A0DC3D6F29FEAF494245864004009B5EE55231109ADB3709ACD,,,未标注,,2016-06-29,2016-06-29T23:58:34+08:00,bingdian001.com,bingdian001.com,无可提取文本,0,,
历年赛题/2009年全国大学生电子设计大赛题目(全).pdf,2009年全国大学生电子设计大赛题目(全).pdf,比赛规则,竞赛题目,2009,26,3600395,D0ECE6CD52D7C6B77E0BEBBC4EAD18BF92A39D1CC4B57828B33AA6A705C0EBC5,,,未标注,,2016-06-29,2016-06-29T23:58:04+08:00,bingdian001.com,bingdian001.com,无可提取文本,0,,
历年赛题/2010电子设计大赛比赛题目.pdf,2010电子设计大赛比赛题目.pdf,比赛规则,竞赛题目,2010,6,1329701,09A7E056C86D8D1E4DD6EBF5C1F0047A529E3F8B9FDA26DBF96EE9ABE2F42DA9,,,未标注,,2016-07-14,2016-07-14T19:24:26+08:00,bingdian001.com,bingdian001.com,无可提取文本,0,,
历年赛题/2012年TI杯电子设计大赛竞赛试题汇编+器件清单.pdf,2012年TI杯电子设计大赛竞赛试题汇编+器件清单.pdf,比赛规则,竞赛题目,2012,21,3390892,F701835E7C7AD3F5F03000C4C7D35E6CDC321531B62A2931B2FE87E2A4DDE989,,,未标注,,2016-07-14,2016-07-14T19:22:42+08:00,bingdian001.com,bingdian001.com,无可提取文本,0,,
历年赛题/2013全国大学生电子设计大赛题目(本科组).pdf,2013全国大学生电子设计大赛题目(本科组).pdf,比赛规则,竞赛题目,2013;本科组,22,1827222,3DF889DFE2A60CD6B6D77EEAC077157DB7808CE481B5753D28AE49BD5E3D1B50,,,未标注,,2013-09-04,2016-11-26T15:28:06+08:00,,NUEDC,可检索,1693,,A - 1 / 3 2013年全国大学生电子设计竞赛试题 参赛注意事项 （1）9月4日8:00竞赛正式开始。本科组参赛队只能在【本科组】题目中任选一题；高职高专 组参赛队在【高职高专组】题目中任选一题，也可以选择【本科组】题目。 （2）参赛队认真填写《登记表》内容，填写好的《登记表》交赛场巡视员暂时保存。 （3）参赛者必须是有正式学籍的全日制在校本、专科学生，应出示能够证明参赛者学生身份 的有效证件（如学生证）随时备查。 （4）每队严格限制3人，开赛后不得中途更换队员。 （5）竞赛期间，可使用各种图书资料和网络资源，但不得在学校指定竞赛场地外进行设计制 作，不得以任何方式与他人交流，包括教师在内的非参赛队员必须迴避，对违纪参赛队 取消评审资格。 （6）9月7日20:00竞赛结束，上交设计报告、制作实物及《登记表》，由专人封存。 单相 AC-DC 变换电路（A 题） 【本科组】 一、任务 设计并制作如图 1 所示的单相 AC-DC 变换电路。输出直流电压稳定在 36V，输出 电流额定值为 2A。 RL 220V AC- DC IO 变压器 US IS ~ UO变换 电路 图 1 单相 AC-DC 变换电路原理框图 二、要求 1. 基本要求 （1）在输入交流电压 Us=24V、输出直流电流 Io=2A 条件下，使输出直流电压 Uo=36V±0.1V。 （2）当 Us=24V，Io 在 
历年赛题/2013年全国大学生电子设计大赛题目汇总.pdf,2013年全国大学生电子设计大赛题目汇总.pdf,比赛规则,竞赛题目,2013,31,5653404,F3AC165461A0088EB76A592038DC50B30B517CDAD45D894D1A64F4D0B30905E4,,,未标注,,2016-06-29,2016-06-29T23:53:38+08:00,bingdian001.com,bingdian001.com,无可提取文本,0,,
历年赛题/2014年TI杯大学生电子设计竞赛题(全套).pdf,2014年TI杯大学生电子设计竞赛题(全套).pdf,比赛规则,竞赛题目,2014,10,1784702,4BDBFA0EFE35D6E5F78CCE4A69DCFFC315842A3D39D059E8CA05F2DF37DFF2B9,,,未标注,,2016-07-14,2016-07-14T19:21:32+08:00,bingdian001.com,bingdian001.com,无可提取文本,0,,
历年赛题/2016年TI杯大学生电子设计竞赛题/2016年TI杯大学生电子设计竞赛题A-降压型直流开关稳压电源V3.pdf,2016年TI杯大学生电子设计竞赛题A-降压型直流开关稳压电源V3.pdf,比赛规则,竞赛题目,2016,2,421476,818509D215F349A3C8DA6FFA85262B322104FC670CA6F890CBA90B44DB77F8FE,,,V3,,2016-07-25,2016-07-25T09:19:22+08:00,开关稳定电源,陈南,可检索,1174,,"A-1 2016年TI杯大学生电子设计竞赛 A 题：降压型直流开关稳压电源 1．任务 以TI 公司的降压控制器 LM5117 芯片和 CSD18532KCS MOS 场效应管为核心器件， 设计并制作一个降压型直流开关稳压电源。额定输入直流电压为𝑈IN = 16V时， 额定输出 直流电压为𝑈O = 5V，输出电流最大值为𝐼Omax = 3A 。测试电路可参考图1。 UO RL降压 直流 稳压 电源 IO UIN － ＋ ＋ － R 负载 识别 端口 图 1 电源测试连接图 2．要求 （1）额定输入电压下，输出电压偏差：|∆𝑈O| = |5V − 𝑈O| ≤ 100mV； （10 分） （2）额定输入电压下，最大输出电流：𝐼O ≥ 3A； （10 分） （3）输出噪声纹波电压峰峰值：𝑈OPP ≤ 50mV(𝑈IN = 16V, 𝐼O = 𝐼Omax)； （10 分） （4）𝐼O从满载𝐼Omax变到轻载0.2𝐼Omax 时，负载调整率： 𝑆𝑖 = | 𝑈O 轻载 𝑈O 满载 − 1| × 100% ≤ 5% (𝑈IN = 16V)； （10 分） （5）𝑈IN变化到 17.6V 和 13.6V，电压调整率： 𝑆V = max (|𝑈O17.6V − 𝑈O16V|, |𝑈O16V − 𝑈O13.6V|) 𝑈O16V × 100% ≤ 0.5% (𝑅L = 𝑈O16V 𝐼Omax ) （10"
历年赛题/2016年TI杯大学生电子设计竞赛题/2016年TI杯大学生电子设计竞赛题B-物品分拣搬送装置V3.pdf,2016年TI杯大学生电子设计竞赛题B-物品分拣搬送装置V3.pdf,比赛规则,竞赛题目,2016,2,158028,08A2855F1D37AAA4E5E30A2C2582A9E70C3EEC4CE2177C462AF0D344B0FBF4D3,,,V3,,2016-07-25,2016-07-25T09:23:40+08:00,锁相放大器,UESTC,可检索,1082,,B-1 2016年TI杯大学生电子设计竞赛题 B 题：物品分拣搬送装置 1．任务 在一个以木条（截面不大 于 3cm×4cm，木质本色）围成 的 100cm×150cm 的 A 区域内， 散落着边长均为4cm 的正方体。 设计一自动物体搬运系统，能 够快速 将 这 些正方 体移至 指 定区域。A 区域的颜色为白色， B 区域为黑色，C 区域为红色。 2．要求 （1） 在 A 区域内任意放置 了 12 只黑色正方体，以最快的速度将这些正方体移送到 B 区域，完成时 间不得超过 180 秒； （24 分） （2） 将 A 区域的 12 只黑色正方体以最快的速度移送到红色 C 区域；完成时间 不得超过 180 秒； （26 分） （3） A 区域 12 只正方体中有桔黄色与黑色两种颜色， 以最快的速度将桔黄色正 方体移送到红色 C 区域； （20 分） （4） 将 A 区域中的正方体改为乒乓球，仍然有桔黄与黑色两种颜色，以最快的 速度将桔黄色乒乓球移送到红色 C 区域； （25 分） （5） 其他。 （5 分） （6） 设计报告 （20 分） 项 目 主要内容 满分 方案论证 系统结构及实现方法论证 3 理论分析与计算 机械机构及电路设计 5 电路与程序设计 物品辨识及搬运机构运动控制方法 5 测试方案与测试结果 系统测试 5 设计报告结构及规范性 摘要，正文结构规范，图表的完整与准确性
历年赛题/2016年TI杯大学生电子设计竞赛题/2016年TI杯大学生电子设计竞赛题C-自动循迹小车V3.pdf,2016年TI杯大学生电子设计竞赛题C-自动循迹小车V3.pdf,比赛规则,竞赛题目,2016,2,232880,D03319DBA7B1E16E09B3D46A0EB2EBF7CB77CBC624C1486E0731242B8130E1AC,,,V3,,2016-07-25,2016-07-25T09:20:04+08:00,,陈南,可检索,922,,"C-1 2016年TI杯大学生电子设计竞赛 C 题：自动循迹小车 1．任务 设 计 制作 一个自动 循迹 小车 。小车 采 用一片 TI 公司 LDC1314 或 LDC1000 电感数字转换器作为循迹传感器，在规定的平面跑道自动按顺时针 方向循迹前进。跑道的标识为一根直径 0.6~0.9mm 的细铁丝，按照图 1 的示 意尺寸，用透明胶带将其贴在跑道上。图中所有圆弧的半径均为为 20cm±2cm。 2m 1.2m 0.4m 0.6m 0.6m 一角硬币 图 1 跑道示意图 2．要求 （1）在图 1 小车所在的直线区任意指定一起点 （终点） ，小车依据跑道上设置的 铁丝标识，自动绕跑道跑完一圈。时间不得超过 10 分钟。小车运行时必须 保持轨迹铁丝位于小车垂直投影之下。如有越出，每次扣2 分。 （40 分） （2） 实时显示小车行驶的距离和运行时间。 （10 分） （3）在任意直线段铁丝上放置 4 个直径约 19mm 的镀镍钢芯硬币（第五套人民 币的1 角硬币），硬币边缘紧贴铁丝，如图1 所示。小车路过硬币时能够发 现并发出声音提示。 （20 分） （4）尽量减少小车绕跑道跑完一圈运行时间。 （25 分） C-2 （5）其他。 （ 5 分） （6）设计报告 （20 分） 项 目 主要内容 满分 方案论证 比较与选择,方案描述 3 理论分析与计算 系统相关参数设计 5 电路与程序设计"
历年赛题/2016年TI杯大学生电子设计竞赛题/2016年TI杯大学生电子设计竞赛题D-单相正弦波变频电源V3.pdf,2016年TI杯大学生电子设计竞赛题D-单相正弦波变频电源V3.pdf,比赛规则,竞赛题目,2016,2,295075,D8166EFC2076714FF68B2D0666016442A744DD9D6D81A22D9B5F2187ABCB5C6D,,,V3,,2016-07-25,2016-07-25T09:20:22+08:00,,zppan,可检索,1123,,D-1 2016年TI杯大学生电子设计竞赛 D 题：单相正弦波变频电源 1． 任务 设计并制作一个单相正弦波变频电源，其原理框图如图 1 所示。变压器输入电压 U1=220V， 变频电源输出交流电压 UO 为 36V，额定负载电流 IO 为 2A，负载为电阻性负载。 AC-DC DC-ACU1 变压器 UO IO U2 图 1 单相正弦波变频电源原理框图 2． 要求 （1） 输出频率范围为 20Hz~100Hz，UO=36±0.1V 的单相正弦波交流电。 （15 分） （2） 输出频率 fO=50±0.5Hz，电流 IO=2±0.1A 时，使输出电压 UO=36±0.1V。 （10 分） （3） 负载电流 IO 在 0.2～2A 范围变化时， 负载调整率SI≤0.5%。 （15 分） （4） 负载电流 IO=2A，U1 在 198V～242V 范围变化时， 电压调整率SU≤0.5%。 （15 分） （5） 具有过流保护，动作电流 IO(th)=2.5±0.1A，保护时自动切断输入交流电源。 （10 分） （6） IO=2A，UO=36V 时，输出正弦波电压的 THD≤2%。 （15 分） （7） IO=2A，UO=36V 时，变频电源的效率达到 90%。 （15 分） （8） 其他。 （5 分） （9） 设计报告 （20 分） 项 目 主要内容 满分 方案论证 设计与论证，方案描述
历年赛题/2016年TI杯大学生电子设计竞赛题/2016年TI杯大学生电子设计竞赛题E-脉冲信号参数测量仪V3.pdf,2016年TI杯大学生电子设计竞赛题E-脉冲信号参数测量仪V3.pdf,比赛规则,竞赛题目,2016,2,401977,9B67A289BDA0DC78107DF51DF7625E983092E7A2AF50042BC4E6360D279C442D,,,V3,,2016-07-25,2016-07-25T09:20:36+08:00,正弦信号信号发生器,mtzhao,可检索,832,,"E-1 2016年TI杯大学生电子设计竞赛 E 题：脉冲信号参数测量仪 1.任务 设计并制作一个数字显示的周期性矩形脉冲信号参数测量仪，其输入阻抗为 50Ω。 同时设计并制作一个标准矩形脉冲信号发生器，作为测试仪的附加功能。 2.要求 （1）测量脉冲信号频率𝑓O，频率范围为 10Hz～2MHz，测量误差的绝对值不大于 0.1%。 （15 分） （2）测量脉冲信号占空比 D，测量范围为 10％～90％，测量误差的绝对值不大于 2%。 （15 分） （3）测量脉冲信号幅度𝑉𝑚，幅度范围为 0.1～10V，测量误差的绝对值不大于 2%。 （15 分） （4）测量脉冲信号上升时间𝑡𝑟，测量范围为 50.0～999ns，测量误差的绝对值不大于 5%。 （15 分） （5）提供一个标准矩形脉冲信号发生器，要求： （30 分） a) 频率𝑓O为 1MHz，误差的绝对值不大于 0.1%； b) 脉宽𝑡𝑤为 100ns，误差的绝对值不大于 1%； c) 幅度𝑉𝑚为 5±0.1V（负载电阻为 50）； d) 上升时间𝑡𝑟不大于 30ns，过冲σ不大于 5%。 （6）其他。 （10 分） （7）设计报告。 （20 分） 项 目 主要内容 满分 方案论证 比较与选择,方案描述 3 理论分析与计算 系统相关参数设计 5 电路与程序设计 系统组成，原理框图与各部分的电路 图，系统软件与流程图 5 测试方案与"
历年赛题/2016年TI杯大学生电子设计竞赛题/2016年TI杯大学生电子设计竞赛题F-位同步时钟提取电路V3.pdf,2016年TI杯大学生电子设计竞赛题F-位同步时钟提取电路V3.pdf,比赛规则,竞赛题目,2016,2,336893,045900FD0122ACCF5BEC5760F85DF9B87912C67B650D42EB4A82A7C47190DE43,,,V3,,2016-07-25,2016-07-25T09:20:52+08:00,基于FPGA的位同步时钟自适应提取电路,Hanli,可检索,1160,,F-1 2016年TI杯大学生电子设计竞赛 F 题：位同步时钟提取电路 1. 任务 设计并制作一个从二进制基带信号中提取位同步时钟的电路，并能测定和显示提取出的 位同步时钟频率，设计制作的电路组成框图如图 1 所示。 2．要求 （1）设计制作“基带信号产生电路”，用来模拟二进制数字通信系统接收端中被抽样判 决的非逻辑电平基带信号。要求： （15 分） ① m 序列发生器的反馈特征多项式（本原多项式）为 1)( 2348  xxxxxf ，其 序列输出信号及外输入 ck 信号均为 TTL 电平。 ②设计制作 3dB 截止频率为 300kHz 的无限增益多路负反馈二阶有源低通滤波器， 对 m 序列输出信号进行滤波，并衰减为峰-峰值 0.1V 的基带模拟信号（A 信号） 。 （2）当 m 序列发生器外输入 ck 信号频率为 200kHz 时，设计制作可从 A 信号中提取出 位同步时钟（B 信号）的电路，并数字显示同步时钟的频率。 （30 分） （3）改进位同步时钟提取电路，当 m 序列发生器外输入 ck 信号频率在 200kHz~240kHz 之间变化时，能从 A 信号中自适应提取位同步时钟，并数字显示同步时钟的频率。（30 分） （4）降低位同步时钟（B 信号）的脉冲相位抖动量  ，要求 max ≤1 个位同步时钟周期 的 10%。 （15 分） （5）其他。 （10 分
历年赛题/2016年TI杯大学生电子设计竞赛题/2016年TI杯大学生电子设计竞赛题G-简易电子秤V3.pdf,2016年TI杯大学生电子设计竞赛题G-简易电子秤V3.pdf,比赛规则,竞赛题目,2016,1,209146,A1F99E65BE985E2069AF98172DEDE0E234D6249BCC3523BA2693C4770DB8B243,,,V3,,2016-07-25,2016-07-25T09:21:08+08:00,基于FPGA的位同步时钟自适应提取电路,Hanli,可检索,625,,G-1 2016年TI杯大学生电子设计竞赛 G 题：简易电子秤 1. 任务 设计并制作一个 以电阻应变片为称重传感器的简易电 子秤， 电子秤的结构如右图所示。如右图所示，铁质悬臂梁 固定在支架上，支架高度不大于 40cm，支架及秤盘的形状 与材质不限。悬臂梁上粘贴电阻应变片作为称重传感器。 2．要求 （1）电子秤可以数字显示被称物体的重量， 单位克（g）； （10 分） （2）电子秤称重范围 5.00g~500g；重量小于 50g，称重误差小于 0.5g；重量在 50g 及以 上，称重误差小于 1g； （50 分） （3）电子秤可以设置单价（元/克），可计算物品金额并实现金额累加； （15 分） （4）电子秤具有去皮功能，去皮范围不超过 100g； （15 分） （5）其他。 （10 分） （6）设计报告： （20 分） 项 目 主要内容 满分 方案论证 比较与选择，方案描述 3 理论分析与计算 系统相关参数设计 5 电路与程序设计 系统组成，原理框图与各部分的电路图，系统 软件与流程图 5 测试方案与测试结果 测试结果完整性，测试结果分析 5 设计报告结构及规范性 摘要，正文结构规范，图表的完整与准确性。 2 总分 20 3．说明 （1）称重传感装置需自制，不得采用商用电子称的称重装置。 （2）铁质悬臂梁可用磁铁检验，悬臂梁上所用电阻应变片的种类、型号、数量自定。 （3）测试时以
历年赛题/2018年TI杯大学生电子设计竞赛赛题/2018年TI杯大学生电子设计竞赛题A-电流信号检测装置.pdf,2018年TI杯大学生电子设计竞赛题A-电流信号检测装置.pdf,比赛规则,竞赛题目,2018,1,2895152,B2D1ED3F7C0C88C659BDD31ABE281C447B35B4B70528D7EEE9969822A4E49F66,,,未标注,,2020-04-30,2021-04-09T20:19:16+08:00,,,无可提取文本,0,,
历年赛题/2018年TI杯大学生电子设计竞赛赛题/2018年TI杯大学生电子设计竞赛题B-灭火飞行器.pdf,2018年TI杯大学生电子设计竞赛题B-灭火飞行器.pdf,比赛规则,竞赛题目,2018,1,4582076,063FBA03569F1114AD58E6477E7060DCF7E703C2D4EFA0E5DA4783CF34315CC7,,,未标注,,2020-04-30,2021-04-09T20:18:58+08:00,,,无可提取文本,0,,
历年赛题/2018年TI杯大学生电子设计竞赛赛题/2018年TI杯大学生电子设计竞赛题C-无线充电电动小车.pdf,2018年TI杯大学生电子设计竞赛题C-无线充电电动小车.pdf,比赛规则,竞赛题目,2018,1,2454854,908F08B2F9F68BE9E5518AE553EB28D145A9E4D9031D14FF71618F038B91C19B,,,未标注,,2020-04-30,2021-04-09T20:19:07+08:00,,,无可提取文本,0,,
历年赛题/2018年TI杯大学生电子设计竞赛赛题/2018年TI杯大学生电子设计竞赛题D-手势识别.pdf,2018年TI杯大学生电子设计竞赛题D-手势识别.pdf,比赛规则,竞赛题目,2018,1,5732384,942EAE55EB0851BBC8DB6D574F4D305E83274ACA82F35274C07464ADCB56A8FA,,,未标注,,2020-04-30,2021-04-09T20:19:32+08:00,,,无可提取文本,0,,
历年赛题/2018年TI杯大学生电子设计竞赛赛题/2018年TI杯大学生电子设计竞赛题E-能量回收装置.pdf,2018年TI杯大学生电子设计竞赛题E-能量回收装置.pdf,比赛规则,竞赛题目,2018,1,2720264,CB3173C72CF8871F6F2F856BB4C2C5EAD86D2EE62EB454E660102B1433A890AE,,,未标注,,2020-04-30,2021-04-09T20:18:30+08:00,,,无可提取文本,0,,
历年赛题/2018年TI杯大学生电子设计竞赛赛题/2018年TI杯大学生电子设计竞赛题F-无线话筒扩音系统.pdf,2018年TI杯大学生电子设计竞赛题F-无线话筒扩音系统.pdf,比赛规则,竞赛题目,2018,1,2369372,A64F6CE62DB69BEF9B75D66E26E96FB2A49DAB3AC30E26A1F746E2231C0C21D5,,,未标注,,2020-04-30,2021-04-09T20:19:54+08:00,,,无可提取文本,0,,
历年赛题/2018年TI杯大学生电子设计竞赛赛题/2018年TI杯大学生电子设计竞赛题G-简易数字信号时序分析装置.pdf,2018年TI杯大学生电子设计竞赛题G-简易数字信号时序分析装置.pdf,比赛规则,竞赛题目,2018,1,4011821,72205F67E661D58E042C6E41D054605E9F3CD3E9A01266B930DF5B8A9250C786,,,未标注,,2020-04-30,2021-04-09T20:19:46+08:00,,,无可提取文本,0,,
历年赛题/2018年TI杯大学生电子设计竞赛赛题/2018年TI杯大学生电子设计竞赛题H-简易功率测量装置.pdf,2018年TI杯大学生电子设计竞赛题H-简易功率测量装置.pdf,比赛规则,竞赛题目,2018,1,3058904,809BA531D8C3046BAEE0B433AEA17FB40A178E121B9B7D10998539DEA802EBE7,,,未标注,,2020-04-30,2021-04-09T20:18:41+08:00,,,无可提取文本,0,,
历年赛题/2019年全国大学生电子设计竞赛赛题/专科组/I题_LED线阵显示装置.pdf,I题_LED线阵显示装置.pdf,比赛规则,竞赛题目,2019;高职高专组,3,244662,A3459F6D5D6EEA16E97CC96B817B7DC1448A606B58C738A0F670623139014692,,,未标注,,2019-08-06,2019-08-06T21:48:12+08:00,A题,NUEDC,可检索,1535,,I - 1 / 3 2019 年全国大学生电子设计竞赛试题 参赛注意事项 （1）8 月 7 日 8:00 竞赛正式开始。本科组参赛队只能在【本科组】题目中任选一题；高职 高专组参赛队在【高职高专组】题目中任选一题，也可以选择【本科组】题目。 （2）参赛队认真填写《登记表》内容，填写好的《登记表》交赛场巡视员暂时保存。 （3）参赛者必须是有正式学籍的全日制在校本、专科学生，应出示能够证明参赛者学生身 份的有效证件（如学生证）随时备查。 （4）每队严格限制 3 人，开赛后不得中途更换队员。 （5）竞赛期间，可使用各种图书资料和网络资源，但不得在学校指定竞赛场地外进行设计 制作， 不得以任何方式与他人交流， 包括教师在内的非参赛队员必须迴避， 对违纪参 赛队取消评审资格。 （6）8 月 10 日 20:00 竞赛结束，上交设计报告、制作实物及《登记表》 ，由专人封存。 LED 线阵显示装置（I 题） 【高职高专组】 一、任务 设计并制作一个 LED 线阵显示装置，该装置由图文录入器和 16 只红绿双色 LED 构成的线阵显示及转动控制两部分组成，利用视觉暂留现象，在 120 度弧 面区域内显示不少于 3 个 16×16 点阵的图形或文字。LED 线阵显示装置结构如 图 1 所示。 底座 电动机 16 只红绿双色 LED 线阵与电路板 图文录入器 图1 LED 线阵显示装置结构示意图 I 
历年赛题/2019年全国大学生电子设计竞赛赛题/专科组/J题_模拟电磁曲射炮.pdf,J题_模拟电磁曲射炮.pdf,比赛规则,竞赛题目,2019;高职高专组,4,228151,06C07481BA02BE30C98AE674FF8255C335650114A4C3C08CC6FC892D1EC823C8,,,未标注,,2019-08-06,2019-08-06T21:49:08+08:00,A题,NUEDC,可检索,1668,,J - 1 / 4 2019 年全国大学生电子设计竞赛试题 参赛注意事项 （1）8 月 7 日 8:00 竞赛正式开始。本科组参赛队只能在【本科组】题目中任选一题；高职 高专组参赛队在【高职高专组】题目中任选一题，也可以选择【本科组】题目。 （2）参赛队认真填写《登记表》内容，填写好的《登记表》交赛场巡视员暂时保存。 （3）参赛者必须是有正式学籍的全日制在校本、专科学生，应出示能够证明参赛者学生身 份的有效证件（如学生证）随时备查。 （4）每队严格限制 3 人，开赛后不得中途更换队员。 （5）竞赛期间，可使用各种图书资料和网络资源，但不得在学校指定竞赛场地外进行设计 制作， 不得以任何方式与他人交流， 包括教师在内的非参赛队员必须迴避， 对违纪参 赛队取消评审资格。 （6）8 月 10 日 20:00 竞赛结束，上交设计报告、制作实物及《登记表》 ，由专人封存。 模拟电磁曲射炮（J 题） 【高职高专组】 一、任务 自行设计并制作一模拟电磁曲射炮（以下简称电磁炮），炮管水平方位及垂 直仰角方向可调节，用电磁力将弹丸射出，击中目标环形靶（见图 3），发射周 期不得超过 30 秒。电磁炮由直流稳压电源供电，电磁炮系统内允许使用容性储 能元件。 J - 2 / 4 引 导 标 识 环形靶 200—300cm 图1 30cm 环形靶 图2 定标点 a 20cm 30cm 定标点 靶标正视图 
历年赛题/2019年全国大学生电子设计竞赛赛题/专科组/K题_简易多功能液体容器.pdf,K题_简易多功能液体容器.pdf,比赛规则,竞赛题目,2019;高职高专组,3,185777,DC237A5EE3E69D0CB37BBD152B188EC4763E60F74AB36E8EBF81B046CAE5DC72,,,未标注,,2019-08-06,2019-08-06T21:50:14+08:00,A题,NUEDC,可检索,1523,,K - 1 / 3 2019 年全国大学生电子设计竞赛试题 参赛注意事项 （1）8 月 7 日 8:00 竞赛正式开始。本科组参赛队只能在【本科组】题目中任选一题；高职 高专组参赛队在【高职高专组】题目中任选一题，也可以选择【本科组】题目。 （2）参赛队认真填写《登记表》内容，填写好的《登记表》交赛场巡视员暂时保存。 （3）参赛者必须是有正式学籍的全日制在校本、专科学生，应出示能够证明参赛者学生身 份的有效证件（如学生证）随时备查。 （4）每队严格限制 3 人，开赛后不得中途更换队员。 （5）竞赛期间，可使用各种图书资料和网络资源，但不得在学校指定竞赛场地外进行设计 制作， 不得以任何方式与他人交流， 包括教师在内的非参赛队员必须迴避， 对违纪参 赛队取消评审资格。 （6）8 月 10 日 20:00 竞赛结束，上交设计报告、制作实物及《登记表》 ，由专人封存。 简易多功能液体容器（K 题） 【高职高专组】 一、任务 设计制作一个简易多功能液体容器。 该容器为容量不小于 0.5 升、 高于20cm、 带有（或自制）液位标记的透明塑料容器；可以自动测量给定液体的液位、 重量 等参数；可判别给定液体的种类（如纯净水、白糖水、盐水、牛奶、白醋等） ； 可显示测量数据。所有测试项目均要求使用同一启动键启动，并且每次启动只允 许按一次启动键，否则不予测试。 二、要求 1. 基本要求 （1） 
历年赛题/2019年全国大学生电子设计竞赛赛题/本科组/A题_电动小车动态无线充电系统.pdf,A题_电动小车动态无线充电系统.pdf,比赛规则,竞赛题目,2019;本科组,3,255650,E4C4120187A946437213B96CE04AEB09368F801933BB35B4D1AA02484FDD7AD7,,,未标注,,2019-08-06,2019-08-06T21:33:20+08:00,,ts4,可检索,1843,,A- 1 / 3 A B C D 2019 年全国大学生电子设计竞赛试题 参赛注意事项 （1）8 月 7 日 8:00 竞赛正式开始。本科组参赛队只能在【本科组】题目中任选一题；高职高 专组参赛队在【高职高专组】题目中任选一题，也可以选择【本科组】题目。 （2）参赛队认真填写《登记表》内容，填写好的《登记表》交赛场巡视员暂时保存。 （3）参赛者必须是有正式学籍的全日制在校本、专科学生，应出示能够证明参赛者学生身份 的有效证件（如学生证）随时备查。 （4）每队严格限制 3 人，开赛后不得中途更换队员。 （5）竞赛期间，可使用各种图书资料和网络资源，但不得在学校指定竞赛场地外进行设计制 作，不得以任何方式与他人交流，包括教师在内的非参赛队员必须迴避，对违纪参赛队 取消评审资格。 （6）8 月 10 日 20:00 竞赛结束，上交设计报告、制作实物及《登记表》 ，由专人封存。 电动小车动态无线充电系统（A 题） 【本科组】 一、任务 设计并制作一个无线充电电动小车及无线充电系统，电动小车可采用成品车 改制，全车重量不小于 250 g，外形尺寸不大于 30cm×26cm，圆形无线充电装置 发射线圈外径不大于 20cm。无线充电装置的接收线圈安装在小车底盘上，仅采用 超级电容（法拉电容）作为小车储能、充电元件。如图 1 所示，在平板上布置直 径为 70cm 的黑色圆形行驶引导线（线宽≤2cm
历年赛题/2019年全国大学生电子设计竞赛赛题/本科组/B题_巡线机器人.pdf,B题_巡线机器人.pdf,比赛规则,竞赛题目,2019;本科组,5,473304,FE0509701A7BC6BC195CB20AF55AD359BEFB9FED521B1D234A4C79210862C714,,,未标注,,2019-08-06,2019-08-06T21:34:56+08:00,,ts4,可检索,2217,,B - 1 / 5 2019 年全国大学生电子设计竞赛试题 参赛注意事项 （1）8 月 7 日 8:00 竞赛正式开始。本科组参赛队只能在【本科组】题目中任选一题；高职 高专组参赛队在【高职高专组】题目中任选一题，也可以选择【本科组】题目。 （2）参赛队认真填写《登记表》内容，填写好的《登记表》交赛场巡视员暂时保存。 （3）参赛者必须是有正式学籍的全日制在校本、专科学生，应出示能够证明参赛者学生身 份的有效证件（如学生证）随时备查。 （4）每队严格限制 3 人，开赛后不得中途更换队员。 （5）竞赛期间，可使用各种图书资料和网络资源，但不得在学校指定竞赛场地外进行设计 制作， 不得以任何方式与他人交流， 包括教师在内的非参赛队员必须迴避， 对违纪参 赛队取消评审资格。 （6）8 月 10 日 20:00 竞赛结束，上交设计报告、制作实物及《登记表》 ，由专人封存。 巡线机器人（B 题） 【本科组】 一、任务 设计一基于四旋翼飞行器的巡线机器人，能够巡检电力线路及杆塔状态 （见图 1），发现异常时拍摄存储，任务结束传送到地面显示装置上显示。巡线 机器人中心位置需安装垂直向下的激光笔，巡线期间激光笔始终工作，以标识 航迹。 二、要求 1.基本要求 （1） 巡线机器人从距 A 杆塔 1 米范围内的起飞点起飞，以 1 米定高绕杆巡 检，巡检流程为：起飞→杆塔 A→电力线缆→绕杆塔 B→电力线
历年赛题/2019年全国大学生电子设计竞赛赛题/本科组/C题_线路负载及故障检测装置.pdf,C题_线路负载及故障检测装置.pdf,比赛规则,竞赛题目,2019;本科组,3,227401,0C0369D93A3AC0ED721DC2F3850314F5C758F7E84A6F98BBD09EBA0C64238901,,,未标注,,2019-08-06,2019-08-06T21:36:08+08:00,,Wang,可检索,1948,,C - 1 / 3 2019 年全国大学生电子设计竞赛试题 参赛注意事项 （1）8 月 7 日 8:00 竞赛正式开始。本科组参赛队只能在【本科组】题目中任选一题；高职 高专组参赛队在【高职高专组】题目中任选一题，也可以选择【本科组】题目。 （2）参赛队认真填写《登记表》内容，填写好的《登记表》交赛场巡视员暂时保存。 （3）参赛者必须是有正式学籍的全日制在校本、专科学生，应出示能够证明参赛者学生身 份的有效证件（如学生证）随时备查。 （4）每队严格限制 3 人，开赛后不得中途更换队员。 （5）竞赛期间，可使用各种图书资料和网络资源，但不得在学校指定竞赛场地外进行设计 制作， 不得以任何方式与他人交流， 包括教师在内的非参赛队员必须迴避， 对违纪参 赛队取消评审资格。 （6）8 月 10 日 20:00 竞赛结束，上交设计报告、制作实物及《登记表》 ，由专人封存。 线路负载及故障检测装置（C 题） 【本科组】 一、任务 设计并制作线路负载及故障检测装置，示意图如图 1 所示。 检测装置只通过两个连接端子与两根导线连接。导线上 A、B 两点距离各自 连接端子约 5cm，远端 30cm 范围内为连接负载和故障区域。 负载由电阻（额定功率 0.25W）、电容（耐压 16V）和电感（额定电流 50mA） 3 个元件中任意 2~3 个元件串联或者并联组成。其中电阻值范围：200Ω~2kΩ， 电
历年赛题/2019年全国大学生电子设计竞赛赛题/本科组/D题_简易电路特性测试仪.pdf,D题_简易电路特性测试仪.pdf,比赛规则,竞赛题目,2019;本科组,3,204802,B1F197476BDBC57C9722885DF6AF0D599855C868FE4E1028CC7ABDBB20B07100,,,未标注,,2019-08-06,2019-08-06T21:40:14+08:00,A题,NUEDC,可检索,1648,,D - 1 / 3 2019 年全国大学生电子设计竞赛试题 参赛注意事项 （1）8 月 7 日 8:00 竞赛正式开始。本科组参赛队只能在【本科组】题目中任选一题；高职 高专组参赛队在【高职高专组】题目中任选一题，也可以选择【本科组】题目。 （2）参赛队认真填写《登记表》内容，填写好的《登记表》交赛场巡视员暂时保存。 （3）参赛者必须是有正式学籍的全日制在校本、专科学生，应出示能够证明参赛者学生身 份的有效证件（如学生证）随时备查。 （4）每队严格限制 3 人，开赛后不得中途更换队员。 （5）竞赛期间，可使用各种图书资料和网络资源，但不得在学校指定竞赛场地外进行设计 制作， 不得以任何方式与他人交流， 包括教师在内的非参赛队员必须迴避， 对违纪参 赛队取消评审资格。 （6）8 月 10 日 20:00 竞赛结束，上交设计报告、制作实物及《登记表》 ，由专人封存。 简易电路特性测试仪（D 题） 【本科组】 一、任务 设计并制作一个简易电路特性测试仪。 用来测量特定放大器电路的特 性， 进而判断该放大器由于元器件变化而引起故障或变化的原因。 该测试 仪仅有一个输入端口和一个输出端口，与特定放大器电路连接如图 1 所 示。 图 1 特定放大器电路与电路特性测试仪连接图 D - 2 / 3 制作图 1 中被测放大器电路，该电路板上的元件按图 1 电路图布局， 保留元件引脚， 尽量采用可靠的
历年赛题/2019年全国大学生电子设计竞赛赛题/本科组/E题_基于互联网的信号传输系统.pdf,E题_基于互联网的信号传输系统.pdf,比赛规则,竞赛题目,2019;本科组,3,251106,1A64A3C439B37F52B0B77C044718560475104805B264A394DA40FB9FC0E3FF02,,,未标注,,2019-08-06,2019-08-06T21:42:26+08:00,A题,NUEDC,可检索,1789,,E - 1 / 3 2019 年全国大学生电子设计竞赛试题 参赛注意事项 （1）8 月 7 日 8:00 竞赛正式开始。本科组参赛队只能在【本科组】题目中任选一题；高职 高专组参赛队在【高职高专组】题目中任选一题，也可以选择【本科组】题目。 （2）参赛队认真填写《登记表》内容，填写好的《登记表》交赛场巡视员暂时保存。 （3）参赛者必须是有正式学籍的全日制在校本、专科学生，应出示能够证明参赛者学生身 份的有效证件（如学生证）随时备查。 （4）每队严格限制 3 人，开赛后不得中途更换队员。 （5）竞赛期间，可使用各种图书资料和网络资源，但不得在学校指定竞赛场地外进行设计 制作， 不得以任何方式与他人交流， 包括教师在内的非参赛队员必须迴避， 对违纪参 赛队取消评审资格。 （6）8 月 10 日 20:00 竞赛结束，上交设计报告、制作实物及《登记表》 ，由专人封存。 基于互联网的信号传输系统（E 题） 【本科组】 一、任务 设计并制作一个基于互联网的信号传输系统。如图 1 所示。 1~3个以太网交换机 A终端信号源1 信号源2 B终端 C终端 模拟互联网 二、要求 1. 基本要求 （1） 配置一个由 3 个通用百兆/千兆以太网交换机级联的局域网， 模拟一个 互联网。交换机采用通用成品，端口数 4~24 个，接口为 RJ45 标准接 图 1 基于互联网的信号传输系统示意图 E - 2 /
历年赛题/2019年全国大学生电子设计竞赛赛题/本科组/F题_纸张计数显示装置.pdf,F题_纸张计数显示装置.pdf,比赛规则,竞赛题目,2019;本科组,3,189409,A64C58B72FE5F7BC6AFA1800E4D84896CB8A14F134E0CF3AF69A590A34DCDAF3,,,未标注,,2019-08-06,2019-08-06T21:43:38+08:00,A题,NUEDC,可检索,1781,,F - 1 / 3 2019 年全国大学生电子设计竞赛试题 参赛注意事项 （1）8 月 7 日 8:00 竞赛正式开始。本科组参赛队只能在【本科组】题目中任选一题；高职 高专组参赛队在【高职高专组】题目中任选一题，也可以选择【本科组】题目。 （2）参赛队认真填写《登记表》内容，填写好的《登记表》交赛场巡视员暂时保存。 （3）参赛者必须是有正式学籍的全日制在校本、专科学生，应出示能够证明参赛者学生身 份的有效证件（如学生证）随时备查。 （4）每队严格限制 3 人，开赛后不得中途更换队员。 （5）竞赛期间，可使用各种图书资料和网络资源，但不得在学校指定竞赛场地外进行设计 制作， 不得以任何方式与他人交流， 包括教师在内的非参赛队员必须迴避， 对违纪参 赛队取消评审资格。 （6）8 月 10 日 20:00 竞赛结束，上交设计报告、制作实物及《登记表》 ，由专人封存。 纸张计数显示装置（F 题） 【本科组】 一、任务 设计并制作纸张计数显示装置，其组成如图 1 所示。两块平行极板（极板 A、 极板 B）分别通过导线 a 和导线 b 连接到测量显示电路，装置可测量并显示置于 极板 A 与极板 B 之间的纸张数量。 二、要求 1．基本要求 （1） 极板 A 和极板 B 上的金属电极部分均为边长 50mm±1 mm 的正方形， 导线 a 和导线 b 长度均为 500mm±5mm。 测量显示电路
历年赛题/2019年全国大学生电子设计竞赛赛题/本科组/G题_双路语音同传的无线收发系统.pdf,G题_双路语音同传的无线收发系统.pdf,比赛规则,竞赛题目,2019;本科组,3,195039,577236CE93E8BE63DF9931D197DB4932412F60E2B526E701448427AF909BC1D1,,,未标注,,2019-08-06,2019-08-06T21:45:40+08:00,A题,NUEDC,可检索,1633,,G - 1 / 3 2019 年全国大学生电子设计竞赛试题 参赛注意事项 （1）8 月 7 日 8:00 竞赛正式开始。本科组参赛队只能在【本科组】题目中任选一题；高职 高专组参赛队在【高职高专组】题目中任选一题，也可以选择【本科组】题目。 （2）参赛队认真填写《登记表》内容，填写好的《登记表》交赛场巡视员暂时保存。 （3）参赛者必须是有正式学籍的全日制在校本、专科学生，应出示能够证明参赛者学生身 份的有效证件（如学生证）随时备查。 （4）每队严格限制 3 人，开赛后不得中途更换队员。 （5）竞赛期间，可使用各种图书资料和网络资源，但不得在学校指定竞赛场地外进行设计 制作， 不得以任何方式与他人交流， 包括教师在内的非参赛队员必须迴避， 对违纪参 赛队取消评审资格。 （6）8 月 10 日 20:00 竞赛结束，上交设计报告、制作实物及《登记表》 ，由专人封存。 双路语音同传的无线收发系统（G 题） 【本科组】 一、任务 设计制作一个双路语音同传的无线收发系统，实现在一个信道上同时传输两 路话音信号。系统的示意图如图 1 所示。 图 1 双路语音同传无线收发系统示意图 二、要求 1. 基本要求 （1） 制作一套 FM 无线 收发 系统。 其中 ，FM 信号 的载波频率设定为 语音输出 A 双路语音 分离处理 FM 解调 语音输出 B 语音输入 A FM 调制 双路语音 同传合路 处
历年赛题/2019年全国大学生电子设计竞赛赛题/本科组/H题_模拟电磁曲射炮.pdf,H题_模拟电磁曲射炮.pdf,比赛规则,竞赛题目,2019;本科组,4,231174,B36A574EF918A2F82E67F86B63FA0F083274127D4DF871DEBCA102F1B35505AD,,,未标注,,2019-08-06,2019-08-06T21:47:04+08:00,A题,NUEDC,可检索,1774,,H - 1 / 4 2019 年全国大学生电子设计竞赛试题 参赛注意事项 （1）8 月 7 日 8:00 竞赛正式开始。本科组参赛队只能在【本科组】题目中任选一题；高职 高专组参赛队在【高职高专组】题目中任选一题，也可以选择【本科组】题目。 （2）参赛队认真填写《登记表》内容，填写好的《登记表》交赛场巡视员暂时保存。 （3）参赛者必须是有正式学籍的全日制在校本、专科学生，应出示能够证明参赛者学生身 份的有效证件（如学生证）随时备查。 （4）每队严格限制 3 人，开赛后不得中途更换队员。 （5）竞赛期间，可使用各种图书资料和网络资源，但不得在学校指定竞赛场地外进行设计 制作， 不得以任何方式与他人交流， 包括教师在内的非参赛队员必须迴避， 对违纪参 赛队取消评审资格。 （6）8 月 10 日 20:00 竞赛结束，上交设计报告、制作实物及《登记表》 ，由专人封存。 模拟电磁曲射炮（H 题） 【本科组】 一、任务 自行设计并制作一模拟电磁曲射炮（以下简称电磁炮），炮管水平方位及垂 直仰角方向可调节，用电磁力将弹丸射出，击中目标环形靶（见图 3），发射周 期不得超过 30 秒。电磁炮由直流稳压电源供电，电磁炮系统内允许使用容性储 能元件。 H - 2 / 4 引 导 标 识 环形靶 200—300cm 图1 30cm 环形靶 图2 定标点 a 20cm 30cm 定标点 靶标正视图 中心
历年赛题/2020年模拟邀请赛赛题/2020模拟邀请赛题A-单次脉冲信号周期再现装置.pdf,2020模拟邀请赛题A-单次脉冲信号周期再现装置.pdf,比赛规则,竞赛题目,2020,2,386776,63CF63FAE81C0E9FED1949691D1867ACB53E1C3603E9B088F3C78AFCB4CCA2D6,,,未标注,,2020-09-25,2021-04-09T20:23:39+08:00,基于DDS函数信号发生器,daisg,可检索,799,,全国大学生电子设计竞赛 2020 年TI 杯模拟电子系统设计专题邀请赛 单次信号周期再现装置（A 题） 1．任务 设计单次信号周期再现装置，如图 1 所示。输入有一定持续时间的单次任意波信号， 再现装置将捕捉到的信号进行周期性重复输出。 图 1 单次信号周期再现装置示意图 2.要求 周期再现输出信号的单周期波形与输入信号波形相相同，峰峰值不小于 3V，周期误 差绝对值不大于 5%。负载电阻 RL=3kΩ。 （1） 输入信号为单周期正弦波、三角波或梯形波信号，持续时间 200μs，峰峰值 2V~4V， 再现装置输出周期再现信号。 （20 分） （2） 输入信号为单次任意波信号，持续时间 200μs，峰峰值 2V~4V，再现装置输出周期再 现信号。 （10 分） （3） 输入信号为单次任意波信号，持续时间 50μs，峰峰值 50mV~100mV，再现装置输出 周期再现信号。 （20 分） （4） 再现装置可存储三次单次信号，并可任选一路信号周期再现。 （15 分） （5） 更换负载电阻为 RL=10Ω，重复要求（2）。 （15 分） （6） 输入信号为频率 50kHz~80kHz、峰峰值 1V 的周期信号，持续时间 500μs，装置可测 量并显示其幅度最大谐波的频率和幅度值，频率误差的绝对值不大于 3kHz，幅度值 误差的绝对值不大于 50mV。 （16 分） （7） 其他。 （4 分
历年赛题/2020年模拟邀请赛赛题/2020模拟邀请赛题B-多种幅度调制信号发生电路.pdf,2020模拟邀请赛题B-多种幅度调制信号发生电路.pdf,比赛规则,竞赛题目,2020,3,499417,E1D2AF5993F62B952C15D7EE8F368BF3FC3F9E9DA2A24E77EDD1DDD195603C0B,,,未标注,,2020-09-25,2021-04-09T20:23:34+08:00,,Professor_Li,可检索,1566,,全国大学生电子设计竞赛 2020年TI杯模拟电子系统设计专题邀请赛 多种幅度调制信号发生电路（B 题） 1. 任务 设计多种幅度调制信号发生电路， 包括AM 信号发生器和一系列滤波器，得 到 DSB（双边带）、LSB（下边带）和 USB（上边带）调制信号，电路框图如图 1 所示。 图 1 多种幅度调制信号发生电路示意框图 2. 要求 （1）设计产生 AM 信号。 （16 分） ①输入的载波信号为 8MHz 正弦信号， 信号峰峰值为 200mV；输入的调 制信号为频率范围 1kHz~10kHz 的单频信号，信号峰峰值为 100mV； ②要求产生的 AM 信号的载波峰峰值 PPV 在 200mV~2V 范围可调；AM 信号调制度可按 50%、70%和 100%分档可调。 （2）设计一个陷波器对 AM 信号进行滤波，得到双边带 DSB 信号。 陷波器的 具体要求： （36 分） ①陷波器中心频率为 8MHz，误差不大于 200Hz； ②陷波器的-3dB 带宽不大于 2kHz； ③陷波器中心频率衰减不小于 20dB。 （3）设计一个低通滤波器对双边带 DSB 信号滤波，得到下边带 LSB 信号。 低通滤波器的具体要求： （25 分） ①低通滤波器的过渡带宽为 2kHz； ②低通滤波器的-3dB 截止频率 7.999MHz，误差不大于 200Hz； ③低通滤波器的阻带衰减不小于 30dB。 
历年赛题/2020年模拟邀请赛赛题/2020模拟邀请赛题C-包络跟踪电源.pdf,2020模拟邀请赛题C-包络跟踪电源.pdf,比赛规则,竞赛题目,2020,2,643589,D5720294360BA4286E1772DB2150B50D328F53CE9E98BE347967240FD0F45621,,,未标注,,2020-09-25,2021-04-09T20:23:45+08:00,A题,NUEDC,可检索,1475,,C -1 / 2 全国大学生电子设计竞赛 2020 年TI 杯模拟电子系统设计专题邀请赛 包络跟踪电源供电的功率放大器（C 题） 1. 任务 设计并制作图 1 所示的由包络跟踪电源供电的功率放大器， 系统由单一电源 VS=6V 供电， 负载电阻RL=4Ω。 输入信号ui 为 100Hz~1kHz 的正弦信号， 经包络 检测电路和控制电路调节包络跟踪电源输出 VP，VP 为功率放大器供电。 包络跟踪电源 功率 放大 器包络检测 输入u 电源VS i 负载R L VP uo 控制电路 IS 图 1 系统框图 2. 要求 (1) ui 的峰峰值 UiPP 从 200mV 增加到 750mV 时，包络跟踪电源输出 VP 随 UiPP 线性变化；且最低电压不大于 8V，最高电压不小于 16V，线性偏差 不大于 1%。 （30 分） (2) ui 的峰峰值 UiPP 从 200mV 增加到 750mV 时，功率放大器输出 uo 的峰峰 值 UoPP 随 UiPP 线性变化，线性偏差不大于 1%，uo 波形无明显失真， UiPP=750mV 时，UoPP 不小于 15V。 （25 分） (3) 在满足第（2）项要求的前提下：UiPP=200mV 时系统效率不低于 60%； UiPP=300mV 时系统效率不低于 70%；UiPP=750mV 时系统效率不低于 80%。 （30 分） (4) 测量
历年赛题/2020年模拟邀请赛赛题/2020模拟邀请赛题D-目标跟踪系统.pdf,2020模拟邀请赛题D-目标跟踪系统.pdf,比赛规则,竞赛题目,2020,2,315363,87713919A1F2314C1BCB485DB56D6CCC5AEA004CC9FD34416B2C0FE3A794962B,,,未标注,,2020-09-25,2021-04-09T20:23:30+08:00,基于DDS函数信号发生器,daisg,可检索,987,,全国大学生电子设计竞赛 2020 年TI 杯模拟电子系统设计专题邀请赛 目标跟踪系统（D 题） 1．任务 目标跟踪系统包含控制器、毫米波雷达、二维云台及 LED 电筒。以自主寻迹运动的电动 车作为目标靶，目标跟踪系统 使用毫米波雷达传感器，发现 目标靶并用安装在二维云台上的 LED 电筒指向目标靶。 320cm 图1 跟踪 系统 320cm 图2 跟踪 系统 停止标识 2.要求 （1） 基于现场提供的电动车（含驱动及部分传感器） ，设计并制作寻迹行驶控制系统，使 电动车能够沿地面铺设的黑色引导线（线宽 3~3.5cm）骑线行驶，在停车标识处停止， 见图 1，行驶中速度平稳，不得停顿。 （15 分） （2） 寻迹行进时电动车可在 3 个时段（s）内设置不同车速（cm/s）及行驶时间，车速范 围：5~30cm/s。 （15 分） （3） 电动车按指定角度径向寻迹运动， 到停止标识停车； 以目标跟踪系统上自定义的某点 为基准点， 测量电动车行进的速度、方向及行进距离。 （15 分） （4） 电动车按照现场测试要求设置三个速度运行区段并按指定轨迹行驶，见图 2 示例， 跟踪系统测量电动车轨迹； 运动结束， 在液晶屏上描绘出电动车的运动轨迹；标注出 小车在运动行进过程中不同区段 （方向、 速度有明显差异） 的速度、 方向、行进距离。 （30 分） （5） 电动车按照指定轨迹行进，目标跟踪系统
历年赛题/2020年省赛一等奖参赛报告/A题-南京信息工程大学-无线运动传感器节点设计.pdf,A题-南京信息工程大学-无线运动传感器节点设计.pdf,比赛规则,参赛报告,2020,11,1047407,5D0C40295870698A28EC3FECFFD2848A24621734963A08298725817E90AB0F97,,,未标注,,2020-12-06,2021-04-09T20:21:36+08:00,,SUN Dongjiao,可检索,1410,,2020 年江苏省大学生电子设计竞赛设计报告 无线运动传感器节点设计（A 题） 基本信息 学校名称 南京信息工程大学 参赛学生 1 方晓源 Email 904130182@qq.com 参赛学生 2 李骁 Email 1254747569@qq.com 参赛学生 3 程维越 Email 1161414063@qq.com 指导教师 1 Email 指导教师 2 Email 指导教师简介 （500 字内） 1 无线运动传感器节点设计（A 题） 摘 要 本系统以 stm32 作为主控芯片，基于 TI 模拟前端芯片 ADS1292、温度传感器 LMT70、设计制作无线运动传感器节点。该节点采用锂电池供电，保证了便携性， 并通过对应传感器将使用者心电信息、体表温度和运动信息在 LCD 屏上实时显示， 同时可以上传节点传感数据到移动终端中，然后实现数据显示。另外在心电检测 中使用了 MATLAB 进行仿真滤波和算法的设计，保证了各项数值的准确性。 关键词：STM32 传感器 物联网 心电检测 差分 1. 设计方案工作原理 1.1. 预期实现目标定位 根据题目要求，以 STM32 芯片为控制和处理核心，制作一个无线运动传感器 节点。产品可以实现实时测量使用者的心电信息、体表温度和运动信息并实时上 传至移动终端。 1.2. 技术方案分析比较 （1）前端滤波模块 方案一：搭建硬件带通滤波器，实现滤
历年赛题/2020年省赛一等奖参赛报告/B题-武汉大学-单相不间断电源.pdf,B题-武汉大学-单相不间断电源.pdf,比赛规则,参赛报告,2020,9,621956,122BFA91B647F73BC0A9482512B8EDD6EC8F2AC4533CC2F696DA7B827628A5F9,,,未标注,,2020-10-13,2021-04-09T20:21:32+08:00,Microsoft Word - A2020201002_黄胡星_邱燕倩_梅捷.docx,MMJJz,可检索,2063,,单相在线式不间断电源 摘要：以 MSP430F6638 单片机和 FPGA 为控制核心，结合 PID 算法，设计制作了 单相在线式不间断电源。系统包含变压器，Buck 拓扑电路，Boost 拓扑电路和逆 变电源。变压器模块将市电降压，经全桥整流后输入直流变换电路，其中 Buck 电路将电压降至 24V 并与直流源并联，随后 Boost 电路将电压升压后输入逆变电 路，逆变电路输出所需交流电压。在交流电源断电后直流源受控接入电路，保证 输出连续。经测试，系统完成了题目要求，输出电压有效值平均 30.1V，频率 50.07Hz，总谐波失真不超过 1.7%，交流输入时负载调整率 3.6%，电压调整率 1.4%，直流输入时效率约 91%。此外，系统可以通过按键步进设置输出电压，还 可以通过手机蓝牙控制电源开关。系统稳定性和安全性高，功能丰富，人机交互 良好。 关键词：不间断电源；PID 算法；SPWM 波；交流采样 1 1. 系统方案 1.1. 方案比较与选择 1.1.1. 直流变换电路方案论证 题目需要在整流后 50V 直流输入和直流源 24V 输入时均为后级逆变电路提供稳定 的电压。主要方案有以下两种： 方案一：Boost-Buck 电路 方案二：Buck 电路与 Boost 电路级联 方案一可以用单一电路实现宽输入稳定输出功能，但电路结构稍复杂且输入电压 迅速变化时电路具有一定不稳定
历年赛题/2020年省赛一等奖参赛报告/C题-成都信息工程大学-坡道行驶电动小车.pdf,C题-成都信息工程大学-坡道行驶电动小车.pdf,比赛规则,参赛报告,2020,24,1472293,B383B321D51406F140A40E9C474222DAFBE9966ED8E81D9B30C7CBF9B3DE21E3,,,未标注,,2020-12-06,2021-04-09T20:21:27+08:00,,..........,可检索,1081,,"1 题目名称：坡道行驶电动小车（c 题） 摘要：本系统作品基于 ti 公司的低功耗微处理器 msp4305529 和红外光电对管， 进行小车运动控制和循迹。红外光电对管对路面特点进行检测，通过 msp430 对 采集信息进行处理，并以此为依据通过棒棒算法，pid 算法等引导小车循迹运行 并到达停车标志停止并发出蜂鸣声。 关键词：Msp430 光电对管 小车 运动控制 Summary: This system work is based on ti's low-power microprocessor msp4305529 and infrared photoelectric pair tube to control and track the car. The infrared photoelectric pair tube detects the characteristics of the road surface, and processes the collected information through the msp430. Based on this, the stick algorithm, pid algorithm, etc. Guide the car to track and reach the stop sign to stop and emit a b"
历年赛题/2020年省赛一等奖参赛报告/D题-杭州电子科技大学-绕障飞行器.pdf,D题-杭州电子科技大学-绕障飞行器.pdf,比赛规则,参赛报告,C2000;2020,21,3111054,A133B91818C547922DB65A43BBBD4C513FAD67CC10F9555D2D957A657DDCCD88,,,未标注,,2020-10-13,2021-04-09T20:21:20+08:00,Microsoft Word - Dé¢Ÿç»Łéıœé£žè¡„åŽ¨,23867,可检索,1493,,1 摘要 本课题设计的四旋翼自主飞行器， 以两块TM4C123GH6单片机作为控制芯片。 主控芯片通过读取九轴惯性传感器中的四元数， 通过 Mahoney 算法进行姿态解算； 通过气压计 SPL06-001 和 TFmini-Plus 激光的数据、光流模块 LC-302 数据与四 旋翼姿态进行惯导融合，最终通过非线性微分追踪器，ESO 观测器进行 ADRC 控 制，实现对姿态、位置、速度的控制。视觉处理方面，机身前后在基于 openmv4 和 ARM A53 的环境下，通过二次开发，实现对杆塔的检测和绕杆时的距离和中心 线的控制。机身下方悬挂树莓派进行起点终点识别。 。本飞行器可以实现识别起 始点、找杆、定杆、绕杆。经过测试，本组的飞行器性能优良，符合本次赛题的 绝大多数要求。 关键词：德州仪器 TM4C123GH6 Mahoney 算法 ESO 扩张观测 卡尔曼滤波 KS103 测距 ADRC 控制 OPENMV4 图像 2 一、 系统方案 1.1 系统方案 1.1.1 系统总体框图 图 1.基础系统结构 1.1.2 方案描述 本次设计基于以 TM4C123G 芯片为主控芯片的自主设计的四旋翼无人机， 通过三个摄像头进行图像识别，外加超声波融合控制绕杆距离，完成题目要 求。摄像头 1，对地面路况进行检测，返回地面状态和相关数据，实现对起 飞点的识别和终点圆盘的识别和定位；摄像头 
历年赛题/2020年省赛一等奖参赛报告/E题-西安电子科技大学-放大器非线性失真研究装置.pdf,E题-西安电子科技大学-放大器非线性失真研究装置.pdf,比赛规则,参赛报告,2020,19,2405775,78D1CE8C304F417139EE100178CD6EB3E109309FD8A6E9D053142444851E94E4,,,未标注,,2020-10-14,2021-04-09T20:21:10+08:00,,,可检索,3532,,1 2020 年陕西省大学生德州仪器（TI）杯 模拟及模数混合电路应用设计竞赛 设计报告封面 参赛队编号 （参赛学校填写） 学校编号 组（队）编号 选题编号 说 明 1.本页作为竞赛设计报告的封面和设计报告一同装订。 2.“学校编号”按照赛区组委会分配的数字填写；“组 （队）编号”由参赛学校根据本校参赛队数按顺序编排， 本科组学生选题队伍数字编排范围（01-50），高职高专组 学生选题队伍数字编排范围（从 60 开始顺延）；“选题编 号”由参赛队员根据所选试题编号填写。例如：“0105B” 或“3367F”。 2 放大器非线性失真研究装置 摘要 本文设计并制作了一个放大器失真研究装置。其组成部分包括：负反馈 OCL 放大电路、失真调节模块、单片机控制电路及显示模块。其中，核心电路负反馈 OCL 放大器由差分放大器，有源负载放大器及推挽输出级组成，仅靠单套放大器 电路即可由单片机控制产生所需的无明显失真波形及四种失真波形。 再由单片机 基于快速傅里叶变换（FFT）算法实时测量总谐波失真近似值。 测试结果表明，本系统已实现题目所有功能，放大器输出信号峰峰值均在 3.3V 以上， 总谐波失真近似值与失真测试仪所测结果之间的绝对误差小于0.3%， 均超过题目要求， 且额外实现了顶部底部失真的连续可调， 并将系统测试范围由 1kHz 拓展至 50Hz-20kHz。 关键词：负反馈 OCL 电
历年赛题/2020年省赛一等奖参赛报告/F题-福州大学-简易体温、身份识别装置.pdf,F题-福州大学-简易体温、身份识别装置.pdf,比赛规则,参赛报告,2020,8,651367,2FD156C02B2DE9D026DAA9E39BA8DD581B85B24714AACED6E5719483BC580BD8,,,未标注,,2020-10-13,2021-04-09T20:21:44+08:00,Microsoft Word - lya.docx,SimYng,可检索,3524,,2020年全国大学生电子设计竞赛 简易无接触温度测量与身份识别装置（F 题） 【本科组】 2020 年 10 月 10日 I 摘 要 本系统为一个简易无接触温度测量与身份识别装置。测温电路通过 MLX90614 模块和测距模块的数据拟合能够实现在一定距离范围内测量人体体温和容器中 液态水的温度，同时当被测温度超过设定值时，有报警功能；身份识别模块通过 K210 模块，基于 YOLO 神经网络模型，能够辨别被测人身份、是否带口罩等。经 测试，各项性能指标均超过设计任务要求并有适当扩展。 关键字：红外测温；神经网络；人脸识别；口罩检测； Abstract This system is a simple non-contact te mperature measurement and identification device. The temperature measurement circui t can realize the measurement of human body temperature and the temperature of liquid water in the container within a certain distance range through the da ta fitting of the MLX90614 module and the 
历年赛题/2020年省赛一等奖参赛报告/G题-福州大学-非接触物体形态测量.pdf,G题-福州大学-非接触物体形态测量.pdf,比赛规则,参赛报告,2020,11,611300,1B5464015FBE188EEFCB4AA156DEC960BB58E0F361EAF2674CD7535BDBD34055,,,未标注,,2020-10-13,2021-04-09T20:20:58+08:00,2009年全国大学生电子设计竞赛,USER,可检索,2376,,"2020 年全国大学生电子设计竞赛 非接触物体尺寸形态测量（G 题） 【本科组】 2020 年 10 月 12 日 I 摘要 本系统采用 openmv 为主要识别模块， 超声波模块作为辅助测量模块，stm32 用于与各模块通信并处理相关数据然后 LCD 进行显示。 通过 openmv 采集图像然后对图像数据进行处理与数学分析和计算，利用霍 夫变换、 光学原理、 颜色直方图统计等算法对特征进行统计然后判断形状、 测量 尺寸、找出几何中心、判断球的种类。结合超声波模块与 openmv 所测量的距离 综合得出最终的测量距离。通过 openmv 查找视野内存在的目标形状，计算此时 视野中心与目标中心的偏差然后控制云台将视野中心对准目标中心，再进行 pid 控制激光指示几何中心。 经测试， 各项测量准确度完成与运行时间均完成设计任务要求并有适当的功 能拓展。 关键字：openmv、图像处理、霍夫变换、颜色直方图法、pid 算法 Abstract This system adopts OpenMV as the main identification module, ultrasonic module as the auxiliary measurement module, and STM32 for communication and processing of relevant data "
双路电机驱动模块/1、模块简介/稳压版简介/简介与使用教程.pdf,简介与使用教程.pdf,芯片;模块,模块说明,AT8236;稳压版,2,757421,02A1B70964D1B63DFFF1245D4F3002ADFE939B2A4F747CA1A85035B4C792DA49,,,未标注,,2023-02-16,2026-07-09T22:59:33+08:00,,,可检索,265,,技术规格（ Tech specs) 参数（ Parameters ） 电源输入（ Input Volttage recommended) 5-12v 5v 电源输出（ DC Current for 5v Pin) 3A 3.3V 电源输出（ DC Current for 3.3v Pin) 500ma 单路电机持续驱动电流 默认 2A( 最大可输出 4A) 长宽（ Length*Width ） 65*56mm 电机接口 PH2.0-6P AT8236_Dual DC Motor Drive(With encoder) BOM
双路电机驱动模块/1、模块简介/精简版简介/简介与使用教程.pdf,简介与使用教程.pdf,芯片;模块,模块说明,AT8236;精简版,2,129787,49AC16CD0E23D649CB2DE44126A6C7EFD6255E42B76CD80BBB874345706D2B87,,,未标注,,2023-07-28,2026-07-09T22:59:33+08:00,,,可检索,486,,"引脚名称 引脚定义 引脚参数 VM 电源输入 芯片和电机电源，需做好电源滤波（ 5~12V 根据电机需 求） GND 电源地 连接电源地 VCC 参考电压输入 根据此电压设定驱动峰值电流（接控制板 3.3V ） AIN1/AIN2 第一路逻辑输 入 连接控制板的 pwm 输出引脚 BIN1/BIN2 第二路逻辑输 入 连接控制板的 pwm 输出引脚 AOUT1/AOUT2 第一路驱动输 出 连接电机的驱动控制引脚 BOUT1/BOUT2 第二路驱动输 出 连接电机的驱动控制引脚 IN1 IN2 OUT1 OUT2 功能 0 0 Z Z 滑行、休眠 1 0 H L 正向 AT8236 双路电机驱动 模块 3D 图 引脚定义 驱动控制电机 1. 逻辑电平控制 IN1 IN2 OUT1 OUT2 功能 0 1 L H 反向 1 1 L L 刹车 IN1 IN2 功能 PWM 逻辑电平 0 正转 PWM, 快衰减 逻辑电平 1 PWM 正转 PWM, 慢衰减 逻辑电平 0 PWM 反转 PWM, 快衰减 PWM 逻辑电平 1 反转 PWM, 慢衰减 2.pwm 控制"
双路电机驱动模块/2、STM32驱动案例/稳压版驱动例程/stm32f103c8t6例程.pdf,stm32f103c8t6例程.pdf,开发板;芯片;模块,驱动示例,STM32F103C8T6;AT8236;稳压版,3,2227535,1307930AB08C064F4870A93AA4A781A066821C16DE390AF978E18E0CB51F5C04,,,未标注,,2023-02-16,2026-07-09T22:59:35+08:00,,,可检索,1164,,"stm32f103c8t6 例程 1 准备工作： 把双路电机驱动板与 stm32 按接线图进行连接，电池接在双路电机驱动板上方的电源输入接口中，输入电压 范围 5~12V 。（板子底部是电源输出接口，切勿接错！） 注意：双路电机驱动板的电机接口线序千万要与电机引脚相对应！驱动板电机接口线序与电机引脚不对应将 会烧毁驱动板！！！ 请注意双路电机驱动板的电机接口线序： 2 主要代码展示 #include ""stm32f10x.h"" #include ""delay.h"" #include ""gpio.h"" #include ""moto.h"" #include ""pwm.h"" #include ""adc.h"" #include ""usart.h"" #include ""encoder.h"" int main(void) { u16 encoder_A,encoder_B; int Velocity_PWM1,Velocity_PWM2; u16 adcx; float vcc; SystemInit(); // 配置系统时钟为 72Mhz delay_init(); // 延时函数初始化 uart_init(9600); // 串口初始化 adc_Init(); //ADC1 初始化 PWM_Int(7199,0); // 初始化 pwm 输出 72000 000 /7199+1=10000"
双路电机驱动模块/2、STM32驱动案例/精简版驱动例程/stm32F103c8t6/c8t6例程.pdf,c8t6例程.pdf,开发板;芯片;模块,驱动示例,STM32F103C8T6;AT8236;精简版,3,553424,4B4539F6D85D4DCB5B69F063FC43E59FD2C4EDC9636EF4207913AE4B0C3DC65A,,,未标注,,2023-07-28,2026-07-09T22:59:39+08:00,,,可检索,1528,,"stm32f103c8t6 例程 1 、准备工作 本例程使用的是 12V 供电的 520 电机 接线： VM 接 12V 供电， GND 连接地， VCC 连接主板 3.3V 注：以上三个引脚只需接其中一路，不需要两路引脚都接上，线序不能错，否则会烧掉电机驱动模块 2. 主要代码展示 #include ""stm32f10x.h"" #include ""delay.h"" #include ""pwm.h"" #include ""usart.h"" #include ""bsp.h"" // PA6----->PWMA_IN1 左轮 // PA7----->PWMA_IN2 // PB0----->PWMB_IN1 右轮 // PB1----->PWMB_IN2 // 实验现象：先向前 5 秒，缓慢停止，再向后 5 秒，再刹车 int main(void) { int flag=0; SystemInit(); // 配置系统时钟为 72M delay_init(); // 延时函数初始化 uart_init(9600); // 串口初始化 PWM_Int(7199,0); // 初始化 pwm 输出 (72 000 000 /7199+1=10000 ） delays(5); while(1) { for(;flag<4;flag++) { motor(flag); printf(""flag=%"
双路电机驱动模块/2、STM32驱动案例/精简版驱动例程/stm32F103rct6/rct6例程.pdf,rct6例程.pdf,开发板;芯片;模块,驱动示例,STM32F103RCT6;AT8236;精简版,3,656575,EF4660E9754DBD099AC1F14B3414E74E613552AB24F11C31B55BB09A84A5AB5E,,,未标注,,2023-07-28,2026-07-09T22:59:39+08:00,,,可检索,1402,,"stm32f103rct6 例程 1 、准备工作 本例程使用的是 12V 供电的 520 电机 接线： VM 接 12V 供电， GND 连接地， VCC 连接主板 3.3V 注：以上三个引脚只需接其中一路，不需要两路引脚都接上，线序不能错，否则会烧掉电机驱动模块 2. 主要代码展示 #include ""stm32f10x.h"" #include ""delay.h"" #include ""pwm.h"" #include ""usart.h"" #include ""bsp.h"" // PA6----->PWMA_IN1 左轮 // PA7----->PWMA_IN2 // PB0----->PWMB_IN1 右轮 // PB1----->PWMB_IN2 // 实验现象：先向前 5 秒，缓慢停止，再向后 5 秒，再刹车 int main(void) { int flag=0; bsp_init(); // 外设初始化 delays(5); while(1) { for(;flag<4;flag++) { motor(flag); printf(""flag=%d\r\n"",flag); printf(""A --- IN1 = %d IN2 = %d\r\n"",PWMA_IN1,PWMA_IN2); printf(""B --- IN1 = %d IN2 = %d\r\n\r\n"",PWMB_I"
双路电机驱动模块/3、Arduino驱动案例/稳压版驱动案例/Arduino例程.pdf,Arduino例程.pdf,开发板;芯片;模块,驱动示例,Arduino UNO R3;AT8236;稳压版,6,2196606,61B61E9D5DC75282190694F772F8E41DE83759D0F3C3A077DAED734CD523F2A0,,,未标注,,2023-02-16,2026-07-09T22:59:34+08:00,,,可检索,1720,,"Arduino uno R3 例程 1 准备工作： 把双路电机驱动板与 Arduino 主板按接线图进行连接，电池接在双路电机驱动板上方的电源输入接口中，输 入电压范围 5~12V 。（板子底部是电源输出接口，切勿接错！） 注意：双路电机驱动板的电机接口线序千万要与电机引脚相对应！驱动板电机接口线序与电机引脚不对应将 会烧毁驱动板！！！ 请注意双路电机驱动板的电机接口线序： 2 主要代码展示 #include ""PinChangeInt.h"" // 外部中断 /////////////////////////// 本例程接线方法 /////////////////////////// // ArduinoUNO 主板引脚 ------ AT8236 模块 // 引脚 5 --- BIN1 // 引脚 6 --- BIN2 // 引脚 9 --- AIN1 // 引脚 10 --- AIN2 // 引脚 A5 --- ADC // 引脚 8 --- E1A // 引脚 4 --- E1B // 引脚 7 --- E2A // 引脚 2 --- E2B // GND --- GND /////////PWM 输出引脚 //////// #define BIN1 5 #define BIN2 6 #define AIN1 9 #define AIN2 10 #define Voltage"
双路电机驱动模块/3、Arduino驱动案例/精简版驱动案例/Arduino例程.pdf,Arduino例程.pdf,开发板;芯片;模块,驱动示例,Arduino UNO R3;AT8236;精简版,3,110885,667158240351D8A6696037EF52A3CD07CE232C406BB76932D6EAD9573FBC0903,DUP-PDF-006,,未标注,,2023-08-14,2026-07-09T22:59:35+08:00,,,可检索,1599,,"Arduino uno R3 例程 1 准备工作： 把 AT8236 精简模块与 nano 主板按接线图进行连接，电池接在模块的电源输入接口中（VM 和 GND 是模 块电源的输入口，切勿接错！），输入电压范围 5~12V 。 其中 M+ 和 M- 分别为电机的两个电源输入，具体根据自己的电机引脚来确定 2 主要代码展示 #include <Arduino.h> #include <time.h> /* 本例程接线示例 Arduino UNO AT8236 精简模块 引脚 9 ---> AIN1 引脚 10 ---> AIN2 引脚 5 ---> BIN1 引脚 6 ---> BIN2 3V3 ---> VCC */ /////////PWM 输出引脚 //////// #define AIN1 9 #define AIN2 10 #define BIN1 5 #define BIN2 6 bool led1=0; int start=1; // 功能开启标志位 //num 为功能选择， times 为需要持续的时间 void fun(int num,int times) { switch(num) { case 0: // 停止 { analogWrite(AIN1, 255); analogWrite(AIN2, 255); analogWrite(BIN1, 255); an"
双路电机驱动模块/3、Arduino驱动案例/精简版驱动案例/精简版驱动案例/Arduino例程.pdf,Arduino例程.pdf,开发板;芯片;模块,驱动示例,Arduino UNO R3;AT8236;精简版,3,110885,667158240351D8A6696037EF52A3CD07CE232C406BB76932D6EAD9573FBC0903,DUP-PDF-006,双路电机驱动模块/3、Arduino驱动案例/精简版驱动案例/Arduino例程.pdf,未标注,,2023-08-14,2026-07-09T22:59:47+08:00,,,可检索,1599,,"Arduino uno R3 例程 1 准备工作： 把 AT8236 精简模块与 nano 主板按接线图进行连接，电池接在模块的电源输入接口中（VM 和 GND 是模 块电源的输入口，切勿接错！），输入电压范围 5~12V 。 其中 M+ 和 M- 分别为电机的两个电源输入，具体根据自己的电机引脚来确定 2 主要代码展示 #include <Arduino.h> #include <time.h> /* 本例程接线示例 Arduino UNO AT8236 精简模块 引脚 9 ---> AIN1 引脚 10 ---> AIN2 引脚 5 ---> BIN1 引脚 6 ---> BIN2 3V3 ---> VCC */ /////////PWM 输出引脚 //////// #define AIN1 9 #define AIN2 10 #define BIN1 5 #define BIN2 6 bool led1=0; int start=1; // 功能开启标志位 //num 为功能选择， times 为需要持续的时间 void fun(int num,int times) { switch(num) { case 0: // 停止 { analogWrite(AIN1, 255); analogWrite(AIN2, 255); analogWrite(BIN1, 255); an"
双路电机驱动模块/4、树莓派主板驱动案例/稳压版驱动案例/树莓派例程.pdf,树莓派例程.pdf,开发板;芯片;模块,驱动示例,Raspberry Pi;AT8236;稳压版,5,2266956,CFE6FBCC736633BA242A60CE468B3F8144160261313EE26D86D57BB75233904E,,,未标注,,2023-02-16,2026-07-09T22:59:36+08:00,,,可检索,548,,"树莓派 3b+/4b 例程 1. 准备工作： 把双路电机驱动板与树莓派按接线图进行连接，电池接在双路电机驱动板上方的电源输入接口中，输入电压 范围 5~12V 。（板子底部是电源输出接口，切勿接错！） 注意：双路电机驱动板的电机接口线序千万要与电机引脚相对应！驱动板电机接口线序与电机引脚不对应将 会烧毁驱动板！！！ 请注意双路电机驱动板的电机接口线序： 2. 主要代码展示 import RPi.GPIO as GPIO # 导入库 import time GPIO.setmode(GPIO.BCM) # 设置引脚 AIN1 = 17 AIN2 = 18 BIN1 = 22 BIN2 = 23 GPIO.setwarnings(False) # 消除警告 GPIO.setup(AIN1, GPIO.OUT) # 引脚设置为输出 p1 = GPIO.PWM(AIN1, 50) # 这里的 50 是频率为 50Hz p1.start(0) GPIO.setup(AIN2, GPIO.OUT) p2 = GPIO.PWM(AIN2, 50) p2.start(0) GPIO.setup(BIN1, GPIO.OUT) p3 = GPIO.PWM(BIN1, 50) p3.start(0)"
双路电机驱动模块/4、树莓派主板驱动案例/精简版驱动案例/树莓派例程.pdf,树莓派例程.pdf,开发板;芯片;模块,驱动示例,Raspberry Pi;AT8236;精简版,4,229688,E50DF2275F9F1CAFD10B9C1CDAA6FE6D3B98FFCB2CED54953E1F66AEDB254778,,,未标注,,2023-08-14,2026-07-09T22:59:36+08:00,,,可检索,1549,,"树莓派 3b+/4b 例程 1. 准备工作： 把 AT8236 精简模块与 nano 主板按接线图进行连接，电池接在模块的电源输入接口中（ VM 和 GND 是模块 电源的输入口，切勿接错！），输入电压范围 5~12V 。 其中 M+ 和 M- 分别为电机的两个电源输入， A 、 B 分别为电机编码器的输出引脚，还需要给电机编码器供 电，具体根据自己的电机引脚来确定 注意：电机接口线序千万要与电机引脚相对应！不对应将会烧毁驱动板！！！ 2. 主要代码展示 import RPi.GPIO as GPIO # 导入库 import time GPIO.setmode(GPIO.BCM) # 设置引脚 AIN1 = 17 AIN2 = 18 BIN1 = 22 BIN2 = 23 GPIO.setwarnings(False) # 消除警告 GPIO.setup(AIN1, GPIO.OUT) # 引脚设置为输出 p1 = GPIO.PWM(AIN1, 50) # 这里的 50 是频率为 50Hz p1.start(0) GPIO.setup(AIN2, GPIO.OUT) p2 = GPIO.PWM(AIN2, 50) p2.start(0) GPIO.setup(BIN1, GPIO.OUT) p3 = GPIO.PWM(BIN1, 50) p3.start(0) GPIO.setu"
双路电机驱动模块/5、树莓派pico驱动案例/稳压版驱动例程/树莓派pico例程.pdf,树莓派pico例程.pdf,开发板;芯片;模块,驱动示例,Raspberry Pi Pico;AT8236;稳压版,4,2328582,7CF3F8F0B18653A6C4171A9CCFB5A858425EDADC65474183172A8BDBC92AE7B8,,,未标注,,2023-02-16,2026-07-09T22:59:37+08:00,,,可检索,689,,"树莓派 PICO 例程 1. 准备工作： 把双路电机驱动板与树莓派 pico 按接线图进行连接，电池接在双路电机驱动板上方的电源输入接口中，输入 电压范围 5~12V 。（板子底部是电源输出接口，切勿接错！） 注意：双路电机驱动板的电机接口线序千万要与电机引脚相对应！驱动板电机接口线序与电机引脚不对应将 会烧毁驱动板！！！ 请注意双路电机驱动板的电机接口线序： 2. 主要代码展示 import utime # 导入库 from machine import Pin, PWM AIN1 = PWM(Pin(12)) # 设置引脚 AIN2 = PWM(Pin(13)) BIN1 = PWM(Pin(14)) BIN2 = PWM(Pin(15)) AIN1.freq(500)# 设置 AIN1 频率 AIN2.freq(500)# 设置频率 BIN1.freq(500)# 设置频率 BIN2.freq(500)# 设置频率 # 设置占空比 PWM_PulseWidth[i]/65535(i=0~4) ： 100%,75%,50%,25%,0% #PWM_PulseWidth= [65535,49151,32767,16383,0] def forward(i): AIN1.duty_u16(i)# 电机按设置的占空比转动 AIN2.duty_u16(0) BIN1.duty_u16("
双路电机驱动模块/5、树莓派pico驱动案例/精简版驱动例程/树莓派pico例程.pdf,树莓派pico例程.pdf,开发板;芯片;模块,驱动示例,Raspberry Pi Pico;AT8236;精简版,3,1098734,3B6F702FD88367C66E7B916ADB51F248072768DA6ACC2CB65337144F47514E2E,,,未标注,,2023-07-28,2026-07-09T22:59:36+08:00,,,可检索,983,,"树莓派 PICO 例程 1. 准备工作： 本例程使用的是 12V 供电的 520 电机 接线： VM 接 12V 供电， GND 连接地， VCC 连接主板 3.3V 注：以上三个引脚只需接其中一路，不需要两路引脚都接上，线序不能错，否则会烧掉电机驱动模块 树莓派 pico 引脚图： 注意：双路电机驱动板的电机接口线序千万要与电机引脚相对应！驱动板电机接口线序与电机引脚不对 应将会烧毁驱动板！！！ 2. 主要代码展示 import utime from machine import Pin, PWM AIN1 = PWM(Pin(12)) AIN2 = PWM(Pin(13)) BIN1 = PWM(Pin(14)) BIN2 = PWM(Pin(15)) AIN1.freq(500)# 设置 AIN1 频率 AIN2.freq(500)# 设置频率 BIN1.freq(500)# 设置频率 BIN2.freq(500)# 设置频率 # 设置占空比 PWM_PulseWidth[i]/65535(i=0~4) ： 100%,75%,50%,25%,0% #PWM_PulseWidth= [65535,49151,32767,16383,0] def forward(i): AIN1.duty_u16(i)# 电机按设置的占空比正转 AIN2.duty_u16(0) BIN1.dut"
双路电机驱动模块/6、jetson nano驱动案例/稳压版驱动案例/jetson nano例程 .pdf,jetson nano例程 .pdf,开发板;芯片;模块,驱动示例,Jetson Nano;AT8236;稳压版,4,2100604,8A50898B8444CE877009DD82938FDB1E69E73884737FE80EBDA6B027F2F9BB87,,,未标注,,2023-02-16,2026-07-09T22:59:37+08:00,,,可检索,649,,"Jetson nano 例程 1. 准备工作： 把双路电机驱动板与 jetson nano 按接线图进行连接，电池接在双路电机驱动板上方的电源输入接口中，输入 电压范围 5~12V 。（板子底部是电源输出接口，切勿接错！） 注意：双路电机驱动板的电机接口线序千万要与电机引脚相对应！驱动板电机接口线序与电机引脚不对应将 会烧毁驱动板！！！ 请注意双路电机驱动板的电机接口线序： 2. 主要代码展示 import RPi.GPIO as GPIO # 导入库 import time GPIO.setmode(GPIO.BCM) # 设置引脚 AIN1 = 17 AIN2 = 18 BIN1 = 22 BIN2 = 23 GPIO.setwarnings(False) # 消除警告 GPIO.setup(AIN1, GPIO.OUT) # 设置引脚为输出模式 GPIO.output(AIN1, 0) GPIO.setup(AIN2, GPIO.OUT) GPIO.output(AIN2, 0) GPIO.setup(BIN1, GPIO.OUT) GPIO.output(BIN1, 0) GPIO.setup(BIN2, GPIO.OUT) GPIO.output(BIN2, 0) def forward(): # 电机转动函数 GPIO.output(AIN1,1) GPIO.outpu"
双路电机驱动模块/6、jetson nano驱动案例/精简版驱动案例/jetson nano例程 .pdf,jetson nano例程 .pdf,开发板;芯片;模块,驱动示例,Jetson Nano;AT8236;精简版,2,155242,7BA41D9D9EE180E5AE84FDF9F6B237DD0F8BBE8F2377B0EC4E076E8B8F5FECCA,,,未标注,,2023-08-11,2026-07-09T22:59:37+08:00,,,可检索,874,,"Jetson nano 例程 1. 准备工作： 把 AT8236 精简模块与 nano 主板按接线图进行连接，电池接在模块的电源输入接口中（ VM 和 GND 是模块 电源的输入口，切勿接错！），输入电压范围 5~12V 。 其中 M+ 和 M- 分别为电机的两个电源输入，具体根据自己的电机引脚来确定 注意：电机接口线序千万要与电机引脚相对应！不对应将会烧毁驱动板！！！ 2. 主要代码展示 3. 实验结果 jetson nano 运行程序，电机驱动板驱动双路电机转动，延时 5s ，之后停止转动。 import RPi.GPIO as GPIO # 导入库 import time GPIO.setmode(GPIO.BCM) # 设置引脚 AIN1 = 17 AIN2 = 18 BIN1 = 22 BIN2 = 23 GPIO.setwarnings(False) # 消除警告 GPIO.setup(AIN1, GPIO.OUT) # 设置引脚为输出模式 GPIO.output(AIN1, 0) GPIO.setup(AIN2, GPIO.OUT) GPIO.output(AIN2, 0) GPIO.setup(BIN1, GPIO.OUT) GPIO.output(BIN1, 0) GPIO.setup(BIN2, GPIO.OUT) GPIO.output(BIN2, 0) de"
双路电机驱动模块/7、RDK-X3驱动案例/稳压版驱动案例/RDK X3派例程.pdf,RDK X3派例程.pdf,开发板;芯片;模块,驱动示例,RDK X3;AT8236;稳压版,3,220312,241A2424452830D17AD0537906E696477A4B9496525D69BADAD096A97BC5209E,,,未标注,,2024-11-11,2026-07-09T22:59:38+08:00,,,可检索,2262,,RDK X3 派 例程 1. 环境准备 给主板烧录地瓜机器人官方镜像，开机之后在 RDK X3 上安装 WiringPi 工具 通过 git 在线获取 WiringPi 的源代码，执行以下命令 进入 WiringPi 目录安装 WiringPi ，执行 build.sh 脚本会自动完成 WiringPi 库的编译与安装 在主板上创建一个工作文件夹，把资料里的 motor.c 文件粘贴进去 编译 motor.c 文件，如果没有安装 gcc 编译工具，请自行百度安装 gcc 编译工具 此时可以看到终端显示一个绿色的可执行文件 参考下方的接线准备，将线连接好后就可以直接运行该文件 sudo apt update sudo apt install git-core git clone https://gitee.com/study-dp/WiringPi.git cd WiringPi ./build cd && mkdir motor && cd motor gcc -o motor motor.c -lwiringPi sudo ./motor RDK X3(40pin) 双路电机驱动板 | 双路电机驱动板 电机 GPIO6 AIN1 | AO1 M+ GPIO5 AIN2 | AO2 M- GPIO30 BIN1 | BO1 M+ GPIO27 BIN2 | BO2 M- 3V3 V
双路电机驱动模块/7、RDK-X3驱动案例/精简版驱动案例/RDK X3例程.pdf,RDK X3例程.pdf,开发板;芯片;模块,驱动示例,RDK X3;AT8236;精简版,4,170756,13444001295555FAF6574A1CD1AECFFBD64E02DCB52410DF892E65DDEF1A2F6A,,,未标注,,2024-11-11,2026-07-09T22:59:38+08:00,,,可检索,2278,,RDK X3 例程 1. 环境准备 给主板烧录地瓜机器人官方镜像，开机之后在 RDK X3 上安装 WiringPi 工具 通过 git 在线获取 WiringPi 的源代码，执行以下命令 进入 WiringPi 目录安装 WiringPi ，执行 build.sh 脚本会自动完成 WiringPi 库的编译与安装 在主板上创建一个工作文件夹，把资料里的 motor.c 文件粘贴进去 编译 motor.c 文件，如果没有安装 gcc 编译工具，请自行百度安装 gcc 编译工具 此时可以看到终端显示一个绿色的可执行文件 参考下方的接线准备，将线连接好后就可以直接运行该文件 2. 接线准备 把 AT8236 精简模块与 RDK X3 按接线图进行连接，电池接在模块的电源输入接口（VM 和 GND 是模块电源 的输入口，切勿接错！），输入电压范围 5~12V ，具体根据自己电机的工作电压来确定。 其中 M+ 和 M- 分别为电机的两个电源输入，具体根据自己的电机引脚来确定 sudo apt update sudo apt install git-core git clone https://gitee.com/study-dp/WiringPi.git cd WiringPi ./build cd && mkdir motor && cd motor gcc -o motor motor
双路电机驱动模块/8、MSPM0驱动案例/1.编码器数据获取/编码器数据获取.pdf,编码器数据获取.pdf,开发板;芯片;模块,驱动示例,MSPM0G3507;AT8236,7,805515,5D02E6F14253FE44412D67CBB26501E521211640C029C3FB5674E61ECEE43971,,,未标注,,2024-12-10,2026-07-09T22:59:38+08:00,,,可检索,1228,,"MSPM0G3507 AT8236 PA12 AIN1 PA13 AIN2 PA14 E1A PA15 E1B MSPM0G3507 AT8236 PA26 BIN1 PA27 BIN2 PA24 E2A PA25 E2B 编码器数据获取 一、学习目标 读取电机编码器数据。 二、硬件连接 MSPM0G3507 与 AT8236 引脚连接 L1 电机： L2 电机： 注：可以使用 ttl 模块，也可以只用 MSPM0G3507 自带的 Type-C 口连接电脑。 AT8236 电机驱动模块引脚说明： 三、程序说明 本例程将串口打印的波特率设置为 115200 bps 。 bsp_at8236.h 定义四个电机控制函数。 bsp_at8236.c L1_control 函数用于控制 L1 电机的速度和方向，通过调整 PWM 信号的占空比实现。 motor_speed 和 dir 分别代表电机的电机速度和电机方向。 bsp_delay.h #ifndef __BSP_TB6612_H_ #define __BSP_TB6612_H_ #include ""ti_msp_dl_config.h"" void init_motor(void); void L1_control(uint16_t motor_speed,uint8_t dir); void L2_control(uint16_t "
双路电机驱动模块/8、MSPM0驱动案例/2.AT8236双路驱动/AT8236双路驱动.pdf,AT8236双路驱动.pdf,开发板;芯片;模块,驱动示例,MSPM0G3507;AT8236,4,768346,5A005D24D2576D15BB53EFEF8503AFE488EE730EEEA23AE1C01BCAA383A09D3A,,,未标注,,2024-12-10,2026-07-09T22:59:38+08:00,,,可检索,1209,,"MSPM0G3507 AT8236 PA12 AIN1 PA13 AIN2 MSPM0G3507 AT8236 PA26 BIN1 PA27 BIN2 AT8236 双路驱动 一、学习目标 使用 AT8236 电机驱动模块驱动电机。 二、硬件连接 MSPM0G3507 与 AT8236 引脚连接 L1 电机： L2 电机： R1 电机： MSPM0G3507 AT8236 PA21 AIN1 PA22 AIN2 MSPM0G3507 AT8236 PA0 BIN1 PA1 BIN2 AT8236 电机 AO1 电机电源 + AO2 电机电源 - R2 电机： 电机与稳压板引脚连接： AT8236 电机驱动模块稳压版引脚说明： 三、程序说明 bsp_at8236.h #ifndef __BSP_TB6612_H_ #define __BSP_TB6612_H_ #include ""ti_msp_dl_config.h"" 定义四个电机控制函数。 bsp_at8236.c L1_control 函数用于控制 L1 电机的速度和方向，通过调整 PWM 信号的占空比实现。 motor_speed 和 dir 分别代表电机的电机速度和电机方向。 注：必须将工程源码放在 SDK 路径下进行编译， 例如路径： D:\TI\M0_SDK\mspm0_sdk_1_30_00_03\TB6612 voi"
双路电机驱动模块/9、硬件资料/稳压版硬件资料/硬件原理图.pdf,硬件原理图.pdf,芯片;模块,原理图,AT8236;稳压版,1,158084,85A042D7DCB3C754DDD3A1D83105B224A638CEBF0532AD7D72AC35F1C91A1299,,,未标注,,2023-02-01,2026-07-09T22:59:39+08:00,New Output,,可检索,1512,,1 1 2 2 3 3 4 4 D D C C B B A A Title Number RevisionSize A4 Date: 2023/2/1 Sheet of File: C:\Users\..\YB_AT8236_Dual DC motor drive.SchDocDrawn By: R2 10K R3 1K R6 10K R9 3k C1 47uF C2 22uF C3 4.7uF C8 22uF C9 47uF C6 10nF D1 SS54 R4 10K R5 6.8kNTC R7 0Ω C4 0.1uFPAD9 EN5 GND6 VIN7 SW8 BOOT 1NC 2NC 3FB 4 U1 RT8289GSP P_EN1 GND ADC L1 6.8uH GND 5V P_EN GND P_EN1 P_EN GND1 IN22 IN13 VREF4 VM 5OUT1 6ISEN 7OUT2 8 EP 9 U2 AT8236 AIN2 AIN1 AOUT1 AOUT2 GND R1 R120 GND GND1 IN22 IN13 VREF4 VM 5OUT1 6ISEN 7OUT2 8 EP 9 U3 AT8236 BIN2 BIN1 BOUT1 BOUT2 GND R8 R120 GND C5 220uF 25V C7 0.1uF GND VIN1 EN3 GN
双路电机驱动模块/9、硬件资料/精简版硬件资料/MNT04-V1.0原理图.pdf,MNT04-V1.0原理图.pdf,芯片;模块,原理图,AT8236;精简版,1,137655,2BB1B6E50CE1E38E3B1B068A8389F37D92D3AF384F00B636460E14A958C0C62D,,,V1.0,,2023-08-02,2026-07-09T22:59:39+08:00,New Output,,可检索,1595,,1 1 2 2 3 3 4 4 5 5 6 6 7 7 8 8 D D C C B B A A Title Number RevisionSize A3 Date: 2023/8/2 Sheet of File: E:\YB-MNT04 (AT8236 )\..MNT04-V1.0.SchDocDrawn By: YB-MNT04-V1.0 C3 104P GND1 IN22 IN13 VREF4 VM 5OUT1 6ISEN 7OUT2 8 EP 9 U1 AT8236 VM AOUT1 AOUT2 12 R5 0.006R C2 104P VCC R1 1K R3 1KAIN1 AIN2 + C1 25V/220UF VM C5 104P GND1 IN22 IN13 VREF4 VM 5OUT1 6ISEN 7OUT2 8 EP 9 U2 AT8236 VM BOUT1 BOUT2 12 R6 0.006R C4 104P VCC R2 1K R4 1KBIN1 BIN2 1 2 3 4 5 6 7 J2 Header7 VM VCC AIN2 AIN1 BOUT1 BOUT2 1 2 3 4 5 6 7 J1 Header7 VM VCC BIN2 BIN1 AOUT1 AOUT2 VCC为逻辑电平引脚。最大电流输出=VCC/(10*R5)， 默认输出峰值达到6A，额定输出
双路电机驱动模块/注意事项.pdf,注意事项.pdf,芯片;模块,模块说明,AT8236,1,678544,29FAE7E8F6EFDA22875494769D6A5D1A9D6128A2F87B3C57ED540688836BB5B7,,,未标注,,2023-08-16,2026-07-09T22:59:32+08:00,,,可检索,127,,本教程提供的资料是 AT8236 双路电机驱动稳压版和 AT8236 双路电机驱动精简版 请注意区分型号 稳压版和精简版用的是同一个电机驱动芯片，提供的例程也大致相同 给电机驱动板供电时，注意自己电机的工作电压，如果供电没达到电机的工作电压则电机不会工作
电赛材料.pdf,电赛材料.pdf,比赛规则,仪器与器材清单,,3,98229,9CD4CAE50FA41173040FA4E3EA8BE9FFADA453D3E05ECDCF4A5D66D0D6B53E13,,,未标注,,2025-07-23,2026-07-02T14:10:50+08:00,,,可检索,1196,,20 2 5 年全国大学生电子设计竞赛仪器设备和主要元器件 及器材 清单 [ 本科组 ] 1. 仪器设备清单 直流稳压电源（具有恒流 / 恒压模式自动切换功能， 0~30V/ 3 A ，双路 ） 数字示波器（ 5 00MHz ，双通道） 信号 发生器（ 10 0 MHz ，双通道） 射频信号源（ 9kHz~ 500MHz ， - 100dBm~0dBm ，具有射频输出开关功能） 频谱 分析仪（ 1GHz ） 功率分析仪 LCR 测试仪 电能质量分析仪（配电流钳 ， 被测电流 ≤5A ） 单片机开发系统 FPGA 开发系统 DSP 开发系统 嵌入式开发系统 秒表 5 米卷尺 1 米直尺 多功能量角器 6     位 台式数字万用表 2. 主要元器件 及器材 清单 四 旋翼飞行器（最大轴距不超过 4 5 0mm ） 电动小车（外形尺寸：长度 ≤ 2 5 cm ，宽度 ≤ 1 5 cm ，高度 ≤25cm ；轮数： 3~4 个； 不得采用履带和麦氏轮 ） 白色 UV 紫外线感光纸 / 检测纸 （ A4 幅面，可反复使用） 漆包线 三相可变电阻器 （ 50 Ω/ 3 A ） UTP 型网线、 SFTP 型网线 RJ45 连接器 二维电动云台 摄像头（可带处理器模块） 可编程逻辑器件及其下载板 嵌入式开发系统板 TI MSPM0 系统板（可含板载调试下载模块） 微处理器最小系统板（可含板载调
